time	x	y	z
12:11:11.67	-3268	ay:5004	14880
12:11:11.67	-1072	ay:5700	14968
12:11:11.67	-1608	ay:5160	13928
12:11:11.70	-1808	ay:5224	15540
12:11:11.70	-420	ay:4856	15356
12:11:11.74	-3164	ay:5124	15204
12:11:11.74	-1080	ay:5116	15464
12:11:11.74	-2132	ay:5356	14632
12:11:11.77	-1576	ay:4724	15564
12:11:11.77	-660	ay:4720	14808
12:11:11.77	-3216	ay:5004	15356
12:11:11.80	-1048	ay:5056	16048
12:11:11.80	-1668	ay:4924	14148
12:11:11.84	-1992	ay:4320	15644
12:11:11.84	188	ay:4628	14408
12:11:11.87	-3292	ay:4668	14964
12:11:11.87	-836	ay:4636	15348
12:11:11.87	-2248	ay:5068	14444
12:11:11.91	-1540	ay:4668	15564
12:11:11.91	-576	ay:4620	15220
12:11:11.95	-2716	ay:4892	14128
12:11:11.95	-1064	ay:4740	15712
12:11:11.95	-2112	ay:4980	13664
12:11:11.98	-1520	ay:4884	15736
12:11:11.98	-544	ay:4684	14884
12:11:11.98	-3128	ay:4564	14928
12:11:12.01	-800	ay:4924	14924
12:11:12.01	-2384	ay:5152	14064
12:11:12.05	-1288	ay:4928	15344
12:11:12.05	-884	ay:4376	14264
12:11:12.08	-2724	ay:4736	14616
12:11:12.08	-496	ay:5168	14856
12:11:12.08	-2556	ay:5028	13796
12:11:12.12	-1028	ay:4968	14768
12:11:12.12	-836	ay:4756	13712
12:11:12.15	-2788	ay:4888	14660
12:11:12.15	-900	ay:5324	14216
12:11:12.15	-2636	ay:4480	15096
12:11:12.19	-1116	ay:4112	16164
12:11:12.19	-1912	ay:4412	15764
12:11:12.22	-1916	ay:4984	16128
12:11:12.22	-1440	ay:4992	15740
12:11:12.22	-2212	ay:5048	14916
12:11:12.26	-80	ay:4904	16176
12:11:12.26	-232	ay:3820	14524
12:11:12.29	-1948	ay:4784	15952
12:11:12.29	-284	ay:4860	13736
12:11:12.29	-3236	ay:4560	15660
12:11:12.33	164	ay:4716	15048
12:11:12.33	-2404	ay:4832	15080
12:11:12.33	-1752	ay:4684	15712
12:11:12.36	-2960	ay:4436	16056
12:11:12.36	-3028	ay:4972	15304
12:11:12.39	-1296	ay:4476	16160
12:11:12.39	-2672	ay:4712	15144
12:11:12.43	-420	ay:5548	15644
12:11:12.43	-1532	ay:4408	14400
12:11:12.43	-1808	ay:4468	15332
12:11:12.46	-76	ay:4364	14852
12:11:12.46	-2540	ay:4904	14960
12:11:12.50	-516	ay:5152	15072
12:11:12.50	-2712	ay:4592	14660
12:11:12.50	-2220	ay:4680	14664
12:11:12.53	-1800	ay:4768	14912
12:11:12.53	-3820	ay:4992	15444
12:11:12.53	-1808	ay:4568	14276
12:11:12.57	-3628	ay:4448	14672
12:11:12.57	-1796	ay:4644	15224
12:11:12.60	-3276	ay:5020	14324
12:11:12.60	-1616	ay:4948	14452
12:11:12.64	-1952	ay:4636	14064
12:11:12.64	-2976	ay:4940	14696
12:11:12.64	-1188	ay:5112	14232
12:11:12.67	-3608	ay:4320	14524
12:11:12.67	-1384	ay:5372	14388
12:11:12.70	-2940	ay:4672	14724
12:11:12.70	-1940	ay:5620	14816
12:11:12.74	-2036	ay:5612	14764
12:11:12.74	-2748	ay:5708	14420
12:11:12.74	-1996	ay:5232	14668
12:11:12.77	-2936	ay:5648	14648
12:11:12.77	-740	ay:5736	14100
12:11:12.80	-3360	ay:4972	15252
12:11:12.80	-488	ay:5756	14176
12:11:12.80	-2912	ay:5424	15920
12:11:12.83	-812	ay:6484	14260
12:11:12.83	-1544	ay:5924	15052
12:11:12.87	-2160	ay:6588	14532
12:11:12.87	-1716	ay:5764	14100
12:11:12.90	-2628	ay:6260	14476
12:11:12.90	-2224	ay:6436	14180
12:11:12.90	-2556	ay:6148	15244
12:11:12.93	-2296	ay:6448	13400
12:11:12.93	-2656	ay:5752	15808
12:11:12.97	-2696	ay:5612	14532
12:11:12.97	-1856	ay:6160	15080
12:11:13.00	-888	ay:5956	13584
12:11:13.00	-2472	ay:5544	16328
12:11:13.00	-1392	ay:5872	14036
12:11:13.04	-1872	ay:5436	15048
12:11:13.04	-1004	ay:5664	14984
12:11:13.07	-2388	ay:6072	15596
12:11:13.07	-1272	ay:5944	14628
12:11:13.11	-3112	ay:5892	15676
12:11:13.11	-1944	ay:6000	14152
12:11:13.11	-2200	ay:5624	14996
12:11:13.15	-1980	ay:5716	14404
12:11:13.15	-2924	ay:5892	15440
12:11:13.15	-2460	ay:5672	14140
12:11:13.18	-2268	ay:6164	15096
12:11:13.18	-1016	ay:5448	14044
12:11:13.21	-3032	ay:5548	15388
12:11:13.21	-1412	ay:5512	14388
12:11:13.25	-2472	ay:5408	15768
12:11:13.25	-1680	ay:5684	13980
12:11:13.25	-1492	ay:5784	15104
12:11:13.29	-2268	ay:5616	14676
12:11:13.29	-1512	ay:5576	15092
12:11:13.29	-2456	ay:5756	14448
12:11:13.32	-1600	ay:6084	13896
12:11:13.32	-2160	ay:5400	14284
12:11:13.36	-2228	ay:5264	14500
12:11:13.36	-2628	ay:6276	14264
12:11:13.36	-728	ay:5696	12920
12:11:13.40	-4028	ay:5784	16344
12:11:13.40	-1112	ay:5892	12772
12:11:13.43	-1988	ay:5044	15220
12:11:13.43	-3500	ay:5836	15140
12:11:13.46	-904	ay:5596	14396
12:11:13.46	-2484	ay:5580	14836
12:11:13.46	-1264	ay:5100	15352
12:11:13.50	-2464	ay:5664	15164
12:11:13.50	-1004	ay:5764	14196
12:11:13.53	-2540	ay:5756	15508
12:11:13.53	-1096	ay:5436	14148
12:11:13.53	-2532	ay:5424	16280
12:11:13.56	-2204	ay:6200	14216
12:11:13.56	-1444	ay:5884	15924
12:11:13.60	-3112	ay:5900	15916
12:11:13.60	-712	ay:5580	14164
12:11:13.63	-2636	ay:5548	17140
12:11:13.63	-472	ay:5768	13024
12:11:13.63	-2352	ay:5508	16892
12:11:13.66	-656	ay:5860	13360
12:11:13.66	-1252	ay:5196	15660
12:11:13.70	-2020	ay:5776	15716
12:11:13.70	0	ay:6156	13508
12:11:13.70	-2880	ay:6044	16556
12:11:13.74	-1152	ay:5976	12640
12:11:13.74	-2340	ay:5488	15764
12:11:13.77	-1388	ay:5960	14072
12:11:13.77	-680	ay:5504	14232
12:11:13.77	-2980	ay:5828	15980
12:11:13.80	-172	ay:5716	12500
12:11:13.80	-2808	ay:5056	16576
12:11:13.84	-992	ay:5764	12848
12:11:13.84	-1480	ay:5348	15580
12:11:13.87	-2948	ay:5488	16032
12:11:13.87	-880	ay:5232	13396
12:11:13.87	-2956	ay:5640	16652
12:11:13.91	-876	ay:5784	12956
12:11:13.91	-2184	ay:5744	15884
12:11:13.94	-1436	ay:5936	13476
12:11:13.94	-1312	ay:5232	13828
12:11:13.94	-2592	ay:5256	16456
12:11:13.97	-1256	ay:6232	12960
12:11:13.97	-960	ay:5432	15028
12:11:14.01	-2432	ay:5188	15032
12:11:14.01	-520	ay:5872	13140
12:11:14.04	-2496	ay:5732	16772
12:11:14.04	-1572	ay:6164	13416
12:11:14.04	-704	ay:5976	13688
12:11:14.07	-2784	ay:5348	15988
12:11:14.07	-616	ay:5892	13588
12:11:14.11	-2164	ay:5736	15380
12:11:14.11	-2048	ay:5988	14460
12:11:14.14	-712	ay:5752	13824
12:11:14.14	-2392	ay:5608	15584
12:11:14.14	-972	ay:6216	14672
12:11:14.18	-844	ay:6164	13820
12:11:14.18	-2500	ay:6020	16760
12:11:14.21	-556	ay:6404	13232
12:11:14.21	-1388	ay:6016	14876
12:11:14.21	-1888	ay:6316	16000
12:11:14.24	-1072	ay:6944	12916
12:11:14.24	-1116	ay:5628	15264
12:11:14.28	-2376	ay:5784	16836
12:11:14.28	-296	ay:6700	12080
12:11:14.28	-2160	ay:5776	16084
12:11:14.31	-2176	ay:6940	15512
12:11:14.31	316	ay:7012	12376
12:11:14.35	-1472	ay:5724	16196
12:11:14.35	-1624	ay:6940	15444
12:11:14.39	284	ay:6756	12660
12:11:14.39	-1676	ay:5052	15820
12:11:14.39	-1716	ay:6060	15980
12:11:14.42	800	ay:7100	11776
12:11:14.42	-1688	ay:5600	15880
12:11:14.45	-924	ay:6508	15236
12:11:14.45	-76	ay:6176	12984
12:11:14.45	-936	ay:6220	15228
12:11:14.49	-2084	ay:5948	16492
12:11:14.49	80	ay:6992	12380
12:11:14.53	-972	ay:6024	16704
12:11:14.53	-1204	ay:6276	14828
12:11:14.53	744	ay:7308	12092
12:11:14.56	-1336	ay:5868	16212
12:11:14.56	-1432	ay:5932	15916
12:11:14.60	468	ay:6668	13752
12:11:14.60	-584	ay:6352	14444
12:11:14.60	-1556	ay:6328	16296
12:11:14.63	-80	ay:6504	14004
12:11:14.63	-368	ay:5964	14564
12:11:14.63	-1628	ay:6804	16196
12:11:14.66	-612	ay:6500	14020
12:11:14.66	-548	ay:6672	14520
12:11:14.70	-1332	ay:6404	15512
12:11:14.70	-1468	ay:6336	15040
12:11:14.70	376	ay:7240	13252
12:11:14.74	-1708	ay:6624	14508
12:11:14.74	-1264	ay:5940	15608
12:11:14.74	60	ay:6160	13052
12:11:14.77	-416	ay:6628	13640
12:11:14.77	-1288	ay:6384	15824
12:11:14.81	-536	ay:6052	14328
12:11:14.81	-92	ay:6456	13384
12:11:14.81	-1208	ay:5804	15728
12:11:14.85	-1768	ay:5760	15452
12:11:14.85	-296	ay:6444	14348
12:11:14.85	-416	ay:5660	14524
12:11:14.88	-1804	ay:5784	15736
12:11:14.88	-624	ay:5780	14948
12:11:14.91	-424	ay:5904	14284
12:11:14.91	-912	ay:5460	15488
12:11:14.91	-1124	ay:5408	15488
12:11:14.95	-76	ay:5696	14428
12:11:14.95	280	ay:6288	14136
12:11:14.98	-1220	ay:5452	15744
12:11:14.98	-672	ay:5132	15264
12:11:15.02	312	ay:6080	13448
12:11:15.02	-512	ay:5872	14500
12:11:15.02	-2060	ay:5288	16120
12:11:15.02	-668	ay:5540	14112
12:11:15.05	300	ay:5956	14004
12:11:15.05	-1280	ay:5456	15236
12:11:15.09	-1448	ay:5512	14468
12:11:15.09	-540	ay:6144	14008
12:11:15.09	-148	ay:5956	14096
12:11:15.13	-1056	ay:5176	16328
12:11:15.13	-1140	ay:5916	15656
12:11:15.16	4	ay:6644	14256
12:11:15.16	-444	ay:5388	15044
12:11:15.16	-836	ay:5484	15368
12:11:15.20	-736	ay:5420	15808
12:11:15.20	136	ay:6332	14472
12:11:15.20	-212	ay:5868	14988
12:11:15.23	-1276	ay:5484	16488
12:11:15.23	-448	ay:5148	14744
12:11:15.26	-160	ay:6448	14956
12:11:15.26	364	ay:5928	14292
12:11:15.30	-1444	ay:4864	16500
12:11:15.30	-448	ay:5668	14952
12:11:15.30	-108	ay:6628	14832
12:11:15.34	668	ay:6272	14416
12:11:15.34	-404	ay:5484	14912
12:11:15.34	-40	ay:5372	14144
12:11:15.37	-860	ay:6604	15344
12:11:15.37	676	ay:5764	13552
12:11:15.41	36	ay:6276	14996
12:11:15.41	-160	ay:5588	15332
12:11:15.41	-1196	ay:5856	15008
12:11:15.41	-300	ay:5816	14972
12:11:15.45	-52	ay:6272	14820
12:11:15.45	32	ay:5796	15384
12:11:15.48	-40	ay:5608	14700
12:11:15.48	-352	ay:5920	14628
12:11:15.48	-80	ay:6152	14972
12:11:15.51	936	ay:5792	15024
12:11:15.51	32	ay:5336	15204
12:11:15.55	-52	ay:6060	13860
12:11:15.55	476	ay:5936	14704
12:11:15.55	-760	ay:5632	15888
12:11:15.58	108	ay:5708	13976
12:11:15.58	-696	ay:6004	15576
12:11:15.62	-260	ay:6536	14216
12:11:15.62	4	ay:5856	15132
12:11:15.62	-824	ay:5624	15352
12:11:15.65	-284	ay:5944	15344
12:11:15.65	-380	ay:6188	14716
12:11:15.65	-4	ay:6708	14340
12:11:15.69	364	ay:6436	14140
12:11:15.69	248	ay:5960	15068
12:11:15.72	-716	ay:5852	15576
12:11:15.72	-508	ay:6224	14280
12:11:15.72	68	ay:6788	13172
12:11:15.75	-468	ay:7392	14720
12:11:15.75	324	ay:6396	14340
12:11:15.79	-348	ay:7352	15096
12:11:15.79	-76	ay:6580	14856
12:11:15.79	-588	ay:6876	14180
12:11:15.82	452	ay:6536	14352
12:11:15.82	-248	ay:6756	13560
12:11:15.85	252	ay:6148	15040
12:11:15.85	36	ay:7152	15492
12:11:15.85	-460	ay:7180	15236
12:11:15.89	-532	ay:6396	15504
12:11:15.89	472	ay:6360	14368
12:11:15.93	-792	ay:6328	15096
12:11:15.93	256	ay:5784	14180
12:11:15.93	-896	ay:6244	15660
12:11:15.96	356	ay:6656	15704
12:11:15.96	440	ay:6492	15236
12:11:15.96	228	ay:5752	15628
12:11:16.00	348	ay:6512	14416
12:11:16.00	-260	ay:6312	14028
12:11:16.03	-560	ay:5952	14728
12:11:16.03	-32	ay:6916	14424
12:11:16.03	-104	ay:6800	14656
12:11:16.07	-884	ay:6868	14972
12:11:16.07	-724	ay:7404	14576
12:11:16.10	-244	ay:7644	14700
12:11:16.10	-404	ay:8016	14496
12:11:16.10	968	ay:8052	13964
12:11:16.14	24	ay:7728	14536
12:11:16.14	344	ay:8288	13372
12:11:16.18	-180	ay:7496	14020
12:11:16.18	80	ay:8792	13836
12:11:16.18	760	ay:7984	13520
12:11:16.18	-372	ay:8132	14728
12:11:16.21	288	ay:9076	13488
12:11:16.21	-968	ay:8996	15028
12:11:16.25	40	ay:9232	13472
12:11:16.25	592	ay:8904	14464
12:11:16.28	-264	ay:9280	15288
12:11:16.28	436	ay:9268	12832
12:11:16.28	-1180	ay:8840	15280
12:11:16.32	-80	ay:9764	14604
12:11:16.32	-100	ay:9268	15312
12:11:16.32	-108	ay:9276	14272
12:11:16.36	-456	ay:9952	14216
12:11:16.36	-272	ay:10112	13532
12:11:16.39	-516	ay:9496	14200
12:11:16.39	-580	ay:8772	13292
12:11:16.39	948	ay:9388	13200
12:11:16.43	-420	ay:8412	13044
12:11:16.43	-684	ay:9528	14820
12:11:16.43	244	ay:8888	13740
12:11:16.47	-736	ay:9904	14016
12:11:16.47	168	ay:10424	14248
12:11:16.47	-168	ay:10924	14632
12:11:16.50	-660	ay:9904	13968
12:11:16.54	324	ay:9248	13124
12:11:16.54	356	ay:9640	12912
12:11:16.54	-496	ay:10824	15420
12:11:16.57	496	ay:10268	13584
12:11:16.57	-544	ay:10064	14924
12:11:16.57	-124	ay:9360	13504
12:11:16.61	416	ay:10668	13912
12:11:16.61	620	ay:10528	14604
12:11:16.64	-160	ay:9888	13768
12:11:16.64	120	ay:10596	14400
12:11:16.64	-612	ay:11160	14776
12:11:16.68	736	ay:8940	12608
12:11:16.68	-232	ay:10044	14496
12:11:16.68	-8	ay:11860	14580
12:11:16.72	-420	ay:9396	12516
12:11:16.72	-76	ay:8668	13408
12:11:16.72	-60	ay:11564	13456
12:11:16.75	-392	ay:9732	13728
12:11:16.75	48	ay:9572	13312
12:11:16.79	200	ay:11480	14308
12:11:16.79	-952	ay:9964	13248
12:11:16.82	-772	ay:10440	14552
12:11:16.82	-12	ay:12060	13408
12:11:16.82	-304	ay:10208	13396
12:11:16.86	340	ay:10752	14100
12:11:16.86	-1636	ay:9920	13776
12:11:16.89	716	ay:11020	12672
12:11:16.89	-8	ay:10916	15572
12:11:16.89	256	ay:9720	12104
12:11:16.92	40	ay:10444	14768
12:11:16.92	-820	ay:9584	13168
12:11:16.96	612	ay:11692	14324
12:11:16.96	-1256	ay:9684	13856
12:11:16.99	1180	ay:11248	12644
12:11:16.99	-756	ay:8552	14884
12:11:16.99	364	ay:11152	12168
12:11:16.99	-1800	ay:9740	14148
12:11:17.03	896	ay:9700	13620
12:11:17.03	-504	ay:10684	14756
12:11:17.06	712	ay:10412	12124
12:11:17.06	-1168	ay:10432	15304
12:11:17.06	-752	ay:10732	12756
12:11:17.10	468	ay:10140	13860
12:11:17.10	496	ay:11120	13920
12:11:17.13	-896	ay:10780	13948
12:11:17.13	888	ay:11172	12732
12:11:17.17	-1204	ay:9792	14624
12:11:17.17	-152	ay:9824	13116
12:11:17.17	52	ay:9016	13212
12:11:17.20	-212	ay:11000	13476
12:11:17.20	452	ay:10328	14412
12:11:17.24	-972	ay:10264	14048
12:11:17.24	652	ay:9992	14624
12:11:17.24	-860	ay:9832	15212
12:11:17.28	652	ay:9692	12372
12:11:17.28	-332	ay:9832	14492
12:11:17.28	248	ay:10552	12636
12:11:17.31	-732	ay:10640	14740
12:11:17.31	-280	ay:9564	15528
12:11:17.35	260	ay:9456	12524
12:11:17.35	4	ay:9248	12080
12:11:17.35	-1788	ay:9988	14656
12:11:17.38	44	ay:10104	13216
12:11:17.38	-652	ay:9720	14212
12:11:17.42	796	ay:9960	12520
12:11:17.42	-1176	ay:8356	15220
12:11:17.42	-1884	ay:10064	13476
12:11:17.45	-736	ay:9172	13392
12:11:17.45	712	ay:8960	13060
12:11:17.48	-328	ay:10424	15748
12:11:17.48	396	ay:9348	12412
12:11:17.48	-2708	ay:8896	15492
12:11:17.52	312	ay:10528	13084
12:11:17.52	-104	ay:9448	13756
12:11:17.55	-1456	ay:9608	15052
12:11:17.55	-128	ay:9520	12888
12:11:17.55	16	ay:9832	13996
12:11:17.59	-1168	ay:9932	16172
12:11:17.59	-708	ay:9988	13220
12:11:17.62	164	ay:9564	13924
12:11:17.62	-1100	ay:8708	14072
12:11:17.62	-516	ay:8932	14948
12:11:17.66	-364	ay:9276	14468
12:11:17.66	-1544	ay:9732	13968
12:11:17.69	604	ay:9760	14208
12:11:17.69	-852	ay:9268	15276
12:11:17.69	-1764	ay:9116	14556
12:11:17.73	-844	ay:8820	14680
12:11:17.73	-328	ay:9564	12176
12:11:17.76	264	ay:8792	14092
12:11:17.76	172	ay:8336	14984
12:11:17.76	228	ay:9196	13072
12:11:17.79	-2624	ay:8680	15872
12:11:17.79	432	ay:9932	12232
12:11:17.83	320	ay:9388	15152
12:11:17.83	-228	ay:8816	14488
12:11:17.83	-932	ay:9144	13524
12:11:17.86	-1132	ay:10060	14084
12:11:17.86	504	ay:9912	14456
12:11:17.86	192	ay:9552	14328
12:11:17.90	-132	ay:9284	12604
12:11:17.90	-504	ay:9212	13792
12:11:17.93	-2212	ay:8040	15200
12:11:17.93	-2232	ay:9072	15504
12:11:17.96	2488	ay:11636	12644
12:11:17.96	-1936	ay:8940	14888
12:11:17.96	-152	ay:8704	13812
12:11:18.00	-52	ay:9996	14944
12:11:18.00	-552	ay:11252	13496
12:11:18.04	1312	ay:10864	13548
12:11:18.04	-312	ay:10416	14336
12:11:18.04	-1672	ay:9012	16152
12:11:18.07	-488	ay:10612	12264
12:11:18.07	-312	ay:11124	12824
12:11:18.07	276	ay:9216	13592
12:11:18.11	300	ay:10568	15696
12:11:18.11	464	ay:10736	10540
12:11:18.14	-1904	ay:10064	13968
12:11:18.14	1080	ay:11640	12296
12:11:18.18	-244	ay:11072	13852
12:11:18.18	164	ay:10644	13312
12:11:18.18	-1152	ay:9992	14124
12:11:18.21	-492	ay:10264	12896
12:11:18.21	1184	ay:11084	13724
12:11:18.25	96	ay:9872	14788
12:11:18.25	1536	ay:10488	13280
12:11:18.25	-1552	ay:10256	13780
12:11:18.28	-1116	ay:12264	14392
12:11:18.28	1696	ay:10572	13920
12:11:18.28	-872	ay:10052	13748
12:11:18.32	460	ay:11040	12876
12:11:18.32	-504	ay:10440	15480
12:11:18.35	-1192	ay:10304	12384
12:11:18.35	1828	ay:10228	14928
12:11:18.38	-1360	ay:10372	14436
12:11:18.38	1156	ay:11644	13068
12:11:18.38	792	ay:10208	14224
12:11:18.42	-1532	ay:8968	14700
12:11:18.42	744	ay:7532	15376
12:11:18.46	244	ay:3940	16000
12:11:18.46	-184	ay:2360	16560
12:11:18.46	140	ay:1408	15084
12:11:18.49	-1456	ay:2912	17368
12:11:18.49	1192	ay:3808	15080
12:11:18.53	-428	ay:-92	17180
12:11:18.53	1308	ay:2212	13816
12:11:18.53	-684	ay:3820	11444
12:11:18.56	-2520	ay:4132	14588
12:11:18.56	2700	ay:3152	13212
12:11:18.56	-44	ay:3320	15776
12:11:18.60	-1744	ay:3696	13572
12:11:18.60	-464	ay:3148	13524
12:11:18.63	648	ay:1448	17476
12:11:18.63	1712	ay:2336	15988
12:11:18.67	-1396	ay:1548	15016
12:11:18.67	-2068	ay:4024	16024
12:11:18.67	668	ay:4428	14972
12:11:18.70	336	ay:5072	16904
12:11:18.70	1220	ay:964	16964
12:11:18.70	-728	ay:584	15424
12:11:18.74	-304	ay:5216	13632
12:11:18.74	356	ay:5476	16124
12:11:18.78	1324	ay:3508	18392
12:11:18.78	3452	ay:2740	13084
12:11:18.81	-516	ay:1440	14688
12:11:18.81	-268	ay:5416	16672
12:11:18.81	-1520	ay:4288	18028
12:11:18.85	200	ay:4176	15632
12:11:18.85	780	ay:2392	15836
12:11:18.85	-148	ay:1616	15988
12:11:18.88	444	ay:4776	16464
12:11:18.88	-596	ay:5112	18184
12:11:18.91	904	ay:4660	15292
12:11:18.91	364	ay:1408	15312
12:11:18.91	504	ay:188	15844
12:11:18.95	-584	ay:4176	17728
12:11:18.95	-968	ay:6208	16188
12:11:18.98	796	ay:5200	12736
12:11:18.98	1396	ay:2144	16104
12:11:19.02	404	ay:608	12296
12:11:19.02	-1608	ay:1316	17284
12:11:19.02	-1472	ay:5328	14300
12:11:19.05	-436	ay:4080	13924
12:11:19.05	368	ay:1140	14824
12:11:19.09	2920	ay:872	15028
12:11:19.09	1216	ay:3884	12760
12:11:19.09	-1288	ay:4336	15644
12:11:19.12	-2096	ay:4492	15448
12:11:19.12	1516	ay:2392	13696
12:11:19.15	1884	ay:1720	15612
12:11:19.15	992	ay:3544	16400
12:11:19.15	-1476	ay:4820	15876
12:11:19.19	-3264	ay:3812	13356
12:11:19.19	512	ay:3500	15072
12:11:19.22	3384	ay:496	12812
12:11:19.22	2064	ay:3676	13408
12:11:19.22	-796	ay:5968	15376
12:11:19.26	-2552	ay:6404	14000
12:11:19.26	1632	ay:4292	14664
12:11:19.29	2232	ay:5148	12676
12:11:19.29	344	ay:8304	16088
12:11:19.33	-980	ay:7224	13208
12:11:19.33	-1448	ay:8072	14620
12:11:19.33	852	ay:8184	14220
12:11:19.37	472	ay:5072	14588
12:11:19.37	-52	ay:8304	13724
12:11:19.37	-204	ay:8680	16528
12:11:19.40	-432	ay:8232	13472
12:11:19.40	-808	ay:7496	16100
12:11:19.43	1076	ay:8008	14312
12:11:19.43	512	ay:7396	13368
12:11:19.47	876	ay:8444	14340
12:11:19.47	-496	ay:6396	15204
12:11:19.47	-264	ay:8880	12836
12:11:19.50	408	ay:9412	15252
12:11:19.50	892	ay:6512	13820
12:11:19.50	-516	ay:7008	16340
12:11:19.54	1172	ay:8196	15632
12:11:19.54	-852	ay:9036	15752
12:11:19.57	748	ay:9148	12500
12:11:19.57	-636	ay:7300	13876
12:11:19.57	1412	ay:7352	13904
12:11:19.61	12	ay:9840	14688
12:11:19.61	228	ay:8844	13168
12:11:19.64	-896	ay:9596	13952
12:11:19.64	504	ay:8392	13808
12:11:19.67	1660	ay:9368	14384
12:11:19.67	504	ay:9608	13024
12:11:19.67	-1164	ay:11004	13756
12:11:19.71	460	ay:10480	12360
12:11:19.71	724	ay:8504	14688
12:11:19.74	1444	ay:10832	13228
12:11:19.74	-684	ay:11100	15200
12:11:19.74	472	ay:10988	11736
12:11:19.78	-424	ay:9120	16052
12:11:19.78	1904	ay:7340	12568
12:11:19.78	492	ay:8528	15084
12:11:19.81	868	ay:6728	13880
12:11:19.81	-920	ay:6280	17420
12:11:19.85	1436	ay:7060	15812
12:11:19.85	-288	ay:5500	16552
12:11:19.88	1260	ay:6848	15328
12:11:19.88	312	ay:7096	15136
12:11:19.88	-652	ay:5312	14240
12:11:19.92	-404	ay:7056	15664
12:11:19.92	740	ay:7288	14868
12:11:19.96	1416	ay:8588	13136
12:11:19.96	612	ay:8928	14320
12:11:19.96	356	ay:6628	11784
12:11:19.99	8	ay:9520	15396
12:11:19.99	1800	ay:8216	12788
12:11:19.99	-312	ay:9380	12304
12:11:20.02	312	ay:7876	12820
12:11:20.02	288	ay:6740	13056
12:11:20.06	728	ay:7712	14472
12:11:20.06	-1680	ay:6732	16820
12:11:20.06	812	ay:9304	14512
12:11:20.09	920	ay:6768	16348
12:11:20.09	1472	ay:8052	14052
12:11:20.13	-148	ay:8088	12736
12:11:20.13	-1468	ay:8236	14128
12:11:20.16	1772	ay:9336	14012
12:11:20.16	1576	ay:7796	12148
12:11:20.16	1076	ay:9480	12712
12:11:20.19	-272	ay:7748	11220
12:11:20.19	-2124	ay:8544	17576
12:11:20.23	2896	ay:8524	14088
12:11:20.23	1356	ay:9508	15860
12:11:20.27	44	ay:9720	14976
12:11:20.27	516	ay:8884	14484
12:11:20.27	-436	ay:7432	15544
12:11:20.30	452	ay:9516	14780
12:11:20.30	524	ay:7004	15424
12:11:20.30	384	ay:8780	16144
12:11:20.33	408	ay:8632	14868
12:11:20.33	-856	ay:8208	16280
12:11:20.37	652	ay:9712	15664
12:11:20.37	904	ay:6804	15340
12:11:20.37	1216	ay:9676	13856
12:11:20.40	-672	ay:9128	16028
12:11:20.40	544	ay:8196	14152
12:11:20.43	1568	ay:7636	13216
12:11:20.43	-504	ay:8424	14420
12:11:20.47	-680	ay:9424	14056
12:11:20.47	1148	ay:8068	13276
12:11:20.47	224	ay:8900	15812
12:11:20.50	600	ay:8664	13348
12:11:20.50	-936	ay:8828	15536
12:11:20.54	332	ay:8212	14076
12:11:20.54	1156	ay:7828	12484
12:11:20.54	-412	ay:7632	14484
12:11:20.57	1788	ay:8492	12016
12:11:20.57	-96	ay:8176	12776
12:11:20.57	-1020	ay:8052	14520
12:11:20.61	312	ay:8512	13452
12:11:20.61	1320	ay:7488	13760
12:11:20.64	1160	ay:8364	13736
12:11:20.64	-1880	ay:8572	14692
12:11:20.67	-60	ay:9144	16220
12:11:20.67	1436	ay:7696	13456
12:11:20.67	988	ay:7700	15168
12:11:20.71	320	ay:9540	13364
12:11:20.71	-804	ay:8348	14112
12:11:20.75	28	ay:7480	15424
12:11:20.75	84	ay:8516	14224
12:11:20.78	1840	ay:8076	13288
12:11:20.78	124	ay:8648	15664
12:11:20.78	-1072	ay:8372	14000
12:11:20.82	-88	ay:7392	13944
12:11:20.82	1168	ay:8816	15036
12:11:20.82	1056	ay:8544	15628
12:11:20.85	-152	ay:8372	13760
12:11:20.85	508	ay:8300	12608
12:11:20.89	-1348	ay:7212	15648
12:11:20.89	1336	ay:8916	13280
12:11:20.89	480	ay:8380	14208
12:11:20.92	416	ay:9240	13712
12:11:20.92	-388	ay:8672	15420
12:11:20.92	708	ay:7932	13976
12:11:20.96	164	ay:8944	14968
12:11:20.96	336	ay:7820	13360
12:11:20.99	-204	ay:9272	14404
12:11:20.99	1688	ay:8544	12080
12:11:20.99	-1344	ay:7860	15552
12:11:21.03	-628	ay:8292	15100
12:11:21.03	1820	ay:8860	12636
12:11:21.07	-288	ay:8552	14932
12:11:21.07	1020	ay:8948	13804
12:11:21.07	-656	ay:7668	15076
12:11:21.10	-44	ay:9220	13324
12:11:21.10	900	ay:8392	14620
12:11:21.13	1344	ay:8012	15036
12:11:21.13	592	ay:7660	14456
12:11:21.13	-1288	ay:8740	15816
12:11:21.17	-44	ay:8244	13532
12:11:21.17	1472	ay:7748	12824
12:11:21.20	-192	ay:9008	16592
12:11:21.20	340	ay:8556	12772
12:11:21.20	-968	ay:7260	15436
12:11:21.23	492	ay:8476	13264
12:11:21.23	-24	ay:8180	15264
12:11:21.27	1472	ay:8224	13416
12:11:21.27	236	ay:8804	14256
12:11:21.30	-1032	ay:8532	14956
12:11:21.30	-164	ay:6924	15620
12:11:21.30	816	ay:8880	12832
12:11:21.33	-200	ay:9100	15748
12:11:21.33	620	ay:8808	13908
12:11:21.37	-1184	ay:7740	14484
12:11:21.37	200	ay:8516	11932
12:11:21.37	-16	ay:7696	15828
12:11:21.40	1072	ay:8732	13784
12:11:21.40	-268	ay:8972	14764
12:11:21.43	-432	ay:8252	13872
12:11:21.43	-700	ay:7968	12796
12:11:21.47	528	ay:8960	13364
12:11:21.47	-204	ay:9404	16312
12:11:21.47	216	ay:8340	12316
12:11:21.51	-2220	ay:7396	15676
12:11:21.51	460	ay:9296	12540
12:11:21.51	-340	ay:8324	16192
12:11:21.54	400	ay:8964	13668
12:11:21.54	8	ay:8472	13980
12:11:21.58	-352	ay:7884	13296
12:11:21.58	120	ay:7928	13740
12:11:21.58	-936	ay:8956	15536
12:11:21.61	560	ay:8868	15256
12:11:21.61	-428	ay:8476	13544
12:11:21.65	472	ay:7252	12756
12:11:21.65	-596	ay:8496	16216
12:11:21.65	-28	ay:8340	13860
12:11:21.68	-144	ay:8736	14372
12:11:21.68	-272	ay:8160	16236
12:11:21.68	60	ay:9608	13368
12:11:21.72	-1552	ay:9628	17024
12:11:21.72	540	ay:8964	13692
12:11:21.75	-1356	ay:8656	16060
12:11:21.75	200	ay:7512	13824
12:11:21.79	164	ay:8252	15584
12:11:21.79	56	ay:8152	13976
12:11:21.79	-1004	ay:8652	13616
12:11:21.82	92	ay:7392	15024
12:11:21.82	-792	ay:7712	16152
12:11:21.82	872	ay:9568	11564
12:11:21.86	-1660	ay:8972	16528
12:11:21.86	28	ay:7804	11960
12:11:21.90	-1064	ay:9200	16988
12:11:21.90	1360	ay:8540	11860
12:11:21.90	-388	ay:9384	14284
12:11:21.93	-812	ay:8460	13468
12:11:21.93	-88	ay:6616	15136
12:11:21.93	604	ay:8508	12008
12:11:21.97	-784	ay:8964	13272
12:11:21.97	340	ay:7480	14772
12:11:22.00	228	ay:7456	13652
12:11:22.00	-600	ay:9116	14000
12:11:22.03	-272	ay:7908	13704
12:11:22.03	-324	ay:8404	15404
12:11:22.03	-128	ay:9072	14612
12:11:22.07	916	ay:8296	11988
12:11:22.07	-868	ay:7544	14812
12:11:22.10	-1228	ay:8500	12040
12:11:22.10	-584	ay:8652	15788
12:11:22.10	640	ay:9800	13856
12:11:22.14	-168	ay:9888	15976
12:11:22.14	1212	ay:8664	14688
12:11:22.14	-336	ay:8084	13948
12:11:22.17	220	ay:9116	11736
12:11:22.17	-1296	ay:10552	15444
12:11:22.21	900	ay:8500	14152
12:11:22.21	1304	ay:7976	13292
12:11:22.25	-636	ay:8928	14076
12:11:22.25	-1104	ay:10016	13948
12:11:22.25	-232	ay:8296	14244
12:11:22.28	812	ay:8976	15164
12:11:22.28	-12	ay:8088	15384
12:11:22.28	272	ay:8896	10712
12:11:22.32	-3296	ay:9448	17220
12:11:22.32	528	ay:7628	12888
12:11:22.32	268	ay:8880	14668
12:11:22.36	944	ay:8688	14228
12:11:22.36	160	ay:9112	14884
12:11:22.39	-1380	ay:7984	15136
12:11:22.39	-408	ay:7260	15188
12:11:22.39	1088	ay:8924	12976
12:11:22.42	-244	ay:9164	14896
12:11:22.42	-1272	ay:8040	16060
12:11:22.46	-928	ay:9520	13188
12:11:22.46	-580	ay:7976	13544
12:11:22.50	1600	ay:7776	13316
12:11:22.50	808	ay:8908	13608
12:11:22.50	-876	ay:8928	14324
12:11:22.53	-616	ay:9956	12908
12:11:22.53	148	ay:7456	14308
12:11:22.53	756	ay:9228	13916
12:11:22.57	464	ay:10424	14684
12:11:22.57	-340	ay:9008	13836
12:11:22.60	-208	ay:8436	13992
12:11:22.60	488	ay:8948	12880
12:11:22.60	124	ay:8044	15856
12:11:22.63	612	ay:8928	14244
12:11:22.63	-212	ay:8520	12844
12:11:22.63	-324	ay:7828	15424
12:11:22.67	284	ay:7460	13652
12:11:22.67	-1352	ay:8740	16852
12:11:22.70	1260	ay:8276	13732
12:11:22.70	1772	ay:6848	14640
12:11:22.70	-648	ay:6380	17312
12:11:22.74	-132	ay:5840	14508
12:11:22.74	-1124	ay:6676	14964
12:11:22.77	-52	ay:6216	16576
12:11:22.77	336	ay:5368	15428
12:11:22.81	-868	ay:4544	15200
12:11:22.81	-816	ay:5072	17304
12:11:22.81	724	ay:3496	14600
12:11:22.85	-1288	ay:4344	17788
12:11:22.85	916	ay:4868	14264
12:11:22.85	252	ay:3924	15324
12:11:22.88	-1052	ay:4188	14980
12:11:22.88	-452	ay:4816	15396
12:11:22.91	264	ay:4020	16156
12:11:22.91	120	ay:4084	15320
12:11:22.95	-168	ay:3604	16020
12:11:22.95	-116	ay:3852	14712
12:11:22.95	-296	ay:4464	15968
12:11:22.98	-180	ay:3916	15072
12:11:22.98	-960	ay:4352	16972
12:11:23.02	20	ay:3748	15856
12:11:23.02	-848	ay:3880	15032
12:11:23.02	-624	ay:3404	15308
12:11:23.05	-52	ay:3040	16216
12:11:23.05	748	ay:3612	14612
12:11:23.05	-800	ay:4572	15388
12:11:23.09	-1176	ay:3548	14044
12:11:23.09	-436	ay:2344	16124
12:11:23.13	-852	ay:2736	15768
12:11:23.13	308	ay:3232	14596
12:11:23.13	-872	ay:2296	18084
12:11:23.16	260	ay:3344	14560
12:11:23.16	-500	ay:2644	16492
12:11:23.19	-856	ay:2952	16364
12:11:23.19	-260	ay:3752	15480
12:11:23.19	-808	ay:3076	15676
12:11:23.23	-368	ay:3100	15128
12:11:23.23	-2084	ay:2612	16504
12:11:23.26	84	ay:2452	14252
12:11:23.26	24	ay:2440	15944
12:11:23.26	-140	ay:2416	15936
12:11:23.29	-1088	ay:2876	17388
12:11:23.29	296	ay:3648	14036
12:11:23.33	-832	ay:2844	15836
12:11:23.33	-980	ay:2632	15352
12:11:23.36	-72	ay:3852	14428
12:11:23.36	-732	ay:2320	16312
12:11:23.36	212	ay:2724	13972
12:11:23.40	-704	ay:2840	16980
12:11:23.40	-332	ay:2932	15552
12:11:23.43	-796	ay:3600	15292
12:11:23.43	300	ay:3744	14368
12:11:23.43	-528	ay:2560	16620
12:11:23.47	-8	ay:2784	15856
12:11:23.47	-472	ay:3328	13400
12:11:23.47	-132	ay:2436	16592
12:11:23.51	-352	ay:2428	16036
12:11:23.51	984	ay:4164	14284
12:11:23.54	-272	ay:3168	17044
12:11:23.54	-748	ay:3244	15412
12:11:23.54	-620	ay:2656	16520
12:11:23.58	-380	ay:2116	16256
12:11:23.58	-300	ay:2864	16576
12:11:23.58	428	ay:2032	14332
12:11:23.61	-1176	ay:1228	19096
12:11:23.61	700	ay:2612	13800
12:11:23.64	-1344	ay:1436	17144
12:11:23.64	556	ay:3352	15596
12:11:23.64	-152	ay:1496	16456
12:11:23.68	-628	ay:1832	16876
12:11:23.68	-768	ay:3280	14364
12:11:23.71	-500	ay:2876	16372
12:11:23.71	-840	ay:2592	16564
12:11:23.74	1028	ay:2692	14572
12:11:23.74	-472	ay:3232	16224
12:11:23.74	-880	ay:3816	16144
12:11:23.78	-312	ay:3448	15628
12:11:23.78	-448	ay:2016	15172
12:11:23.82	-760	ay:2924	16524
12:11:23.82	12	ay:2288	15412
12:11:23.82	-468	ay:3120	16004
12:11:23.85	1060	ay:2800	14532
12:11:23.85	-500	ay:1652	16300
12:11:23.85	108	ay:2700	13824
12:11:23.88	-1756	ay:2372	18156
12:11:23.88	692	ay:2976	13960
12:11:23.92	-956	ay:1584	17168
12:11:23.92	-572	ay:1984	14752
12:11:23.96	-392	ay:2876	15012
12:11:23.96	-588	ay:2080	16456
12:11:23.96	-228	ay:2476	16480
12:11:23.99	664	ay:3052	14024
12:11:23.99	-52	ay:3052	15848
12:11:23.99	-808	ay:2520	14792
12:11:24.02	-488	ay:2072	16052
12:11:24.02	-1008	ay:3012	14872
12:11:24.06	-604	ay:2624	16220
12:11:24.06	-428	ay:2444	16320
12:11:24.06	-324	ay:2672	14080
12:11:24.10	-864	ay:2800	15784
12:11:24.10	760	ay:2652	14268
12:11:24.10	-1508	ay:2552	17492
12:11:24.14	956	ay:2620	15076
12:11:24.14	92	ay:1744	16468
12:11:24.17	-1664	ay:2456	14692
12:11:24.17	-1016	ay:2952	14704
12:11:24.20	332	ay:1516	15868
12:11:24.20	-236	ay:2452	17756
12:11:24.20	764	ay:2908	13168
12:11:24.24	-2268	ay:1684	18508
12:11:24.24	12	ay:4044	14436
12:11:24.24	-1608	ay:2476	16580
12:11:24.27	-372	ay:3312	14440
12:11:24.27	-528	ay:1532	16864
12:11:24.31	-4	ay:2340	14244
12:11:24.31	-872	ay:2476	18256
12:11:24.31	796	ay:3636	15092
12:11:24.35	-96	ay:2744	14564
12:11:24.35	-960	ay:2312	16876
12:11:24.35	744	ay:3012	14180
12:11:24.38	-1768	ay:1640	17244
12:11:24.38	380	ay:2872	15788
12:11:24.41	-1152	ay:2764	16508
12:11:24.41	-548	ay:3196	15108
12:11:24.41	680	ay:1784	13320
12:11:24.45	-448	ay:772	15704
12:11:24.45	508	ay:3112	14504
12:11:24.49	-164	ay:2624	13876
12:11:24.49	-692	ay:1864	15824
12:11:24.49	716	ay:2556	14508
12:11:24.53	-984	ay:1476	15876
12:11:24.53	-368	ay:2780	13648
12:11:24.53	-1088	ay:2100	17572
12:11:24.56	920	ay:1044	16300
12:11:24.56	-292	ay:2496	15020
12:11:24.56	-808	ay:3348	14328
12:11:24.60	-1484	ay:2940	17192
12:11:24.60	-204	ay:1972	14900
12:11:24.63	-252	ay:1788	14488
12:11:24.63	-968	ay:2288	17344
12:11:24.67	-544	ay:3100	14928
12:11:24.67	-1476	ay:2756	16944
12:11:24.67	-12	ay:2296	15988
12:11:24.70	-176	ay:1708	16532
12:11:24.70	-180	ay:3564	16516
12:11:24.74	-456	ay:3312	15580
12:11:24.74	-2336	ay:2648	16528
12:11:24.74	-784	ay:2680	14880
12:11:24.78	448	ay:2008	14472
12:11:24.78	-1416	ay:1864	17336
12:11:24.78	-908	ay:3044	13952
12:11:24.81	-860	ay:2996	13316
12:11:24.81	152	ay:1500	16360
12:11:24.85	1008	ay:724	15816
12:11:24.85	-220	ay:3096	16132
12:11:24.85	-1316	ay:4788	16472
12:11:24.88	-844	ay:1764	16332
12:11:24.88	-640	ay:2376	16104
12:11:24.92	-536	ay:3156	14972
12:11:24.92	-672	ay:3064	15800
12:11:24.92	-1060	ay:2424	16836
12:11:24.95	-400	ay:2372	14036
12:11:24.95	-1008	ay:1792	17876
12:11:24.98	1188	ay:3024	14436
12:11:24.98	-772	ay:3068	15668
12:11:24.98	-1896	ay:2852	15548
12:11:25.02	316	ay:1936	14876
12:11:25.02	-1204	ay:2448	17924
12:11:25.05	196	ay:3516	14332
12:11:25.05	-1696	ay:2520	16216
12:11:25.05	712	ay:2276	14824
12:11:25.08	-152	ay:1192	15340
12:11:25.08	-96	ay:2824	16428
12:11:25.12	92	ay:2964	15212
12:11:25.12	-1800	ay:2104	15772
12:11:25.12	-696	ay:2412	15528
12:11:25.16	-140	ay:1716	16772
12:11:25.16	-268	ay:2776	14828
12:11:25.16	-564	ay:3552	15292
12:11:25.19	-1168	ay:1828	15996
12:11:25.19	736	ay:2596	15816
12:11:25.23	216	ay:2296	15892
12:11:25.23	-624	ay:2160	16040
12:11:25.26	-164	ay:3576	14728
12:11:25.26	-580	ay:2860	16220
12:11:25.26	392	ay:2240	14788
12:11:25.29	-72	ay:2468	15532
12:11:25.29	-1504	ay:2332	16892
12:11:25.33	-336	ay:3332	14428
12:11:25.33	-208	ay:2504	15136
12:11:25.33	864	ay:2072	15076
12:11:25.36	-100	ay:1924	16220
12:11:25.36	-972	ay:3076	14816
12:11:25.36	-1076	ay:2920	15956
12:11:25.40	204	ay:2180	16060
12:11:25.40	-348	ay:2452	15204
12:11:25.43	12	ay:2204	14936
12:11:25.43	-1148	ay:3880	15916
12:11:25.43	-456	ay:3168	12616
12:11:25.47	-580	ay:1304	16168
12:11:25.47	984	ay:2988	14664
12:11:25.50	-140	ay:2832	16616
12:11:25.50	-200	ay:2356	14300
12:11:25.50	-1128	ay:2564	14892
12:11:25.54	148	ay:1964	13224
12:11:25.54	-136	ay:2380	17308
12:11:25.57	740	ay:2996	14280
12:11:25.57	-1228	ay:2088	16196
12:11:25.57	-1004	ay:3612	15460
12:11:25.61	424	ay:1976	14844
12:11:25.61	320	ay:1916	16344
12:11:25.65	804	ay:2740	14760
12:11:25.65	-852	ay:2744	14968
12:11:25.65	-636	ay:2184	15816
12:11:25.68	-256	ay:2264	14828
12:11:25.68	1376	ay:2708	15280
12:11:25.68	272	ay:3148	16300
12:11:25.72	-352	ay:2412	14676
12:11:25.72	-1188	ay:2932	16584
12:11:25.72	248	ay:2564	14792
12:11:25.75	1168	ay:2300	16208
12:11:25.75	-268	ay:2460	15816
12:11:25.79	-536	ay:2372	14648
12:11:25.79	-680	ay:2444	16128
12:11:25.79	-780	ay:2032	16288
12:11:25.83	540	ay:3208	15112
12:11:25.83	-472	ay:2384	17612
12:11:25.86	-316	ay:2300	14492
12:11:25.86	-560	ay:2920	16680
12:11:25.86	-596	ay:2308	17588
12:11:25.90	244	ay:2492	15260
12:11:25.90	216	ay:2960	16024
12:11:25.93	-32	ay:2020	15760
12:11:25.93	-24	ay:2460	14208
12:11:25.93	248	ay:2052	14824
12:11:25.96	-620	ay:2084	15216
12:11:25.96	-756	ay:3284	14452
12:11:26.00	36	ay:2152	14036
12:11:26.00	-1180	ay:2332	15284
12:11:26.00	4	ay:3324	13816
12:11:26.04	-988	ay:1460	14880
12:11:26.04	160	ay:2520	14624
12:11:26.04	-996	ay:2180	15500
12:11:26.07	-1220	ay:3048	15540
12:11:26.07	48	ay:2888	15904
12:11:26.11	160	ay:2456	16380
12:11:26.11	-188	ay:2212	15580
12:11:26.11	-376	ay:2804	13436
12:11:26.14	-904	ay:2076	13712
12:11:26.14	-636	ay:1672	14852
12:11:26.14	604	ay:2736	13832
12:11:26.18	-284	ay:1672	14536
12:11:26.18	-772	ay:2024	15564
12:11:26.21	-576	ay:1700	14924
12:11:26.21	-324	ay:2944	14052
12:11:26.21	-740	ay:1752	16468
12:11:26.24	752	ay:2468	14632
12:11:26.24	-620	ay:2512	16548
12:11:26.28	-448	ay:2520	14212
12:11:26.28	-516	ay:2020	17012
12:11:26.28	160	ay:3032	15212
12:11:26.31	472	ay:2748	15612
12:11:26.31	-356	ay:1624	15292
12:11:26.35	812	ay:3184	16716
12:11:26.35	-300	ay:1948	15844
12:11:26.38	-760	ay:2912	16484
12:11:26.38	180	ay:2768	15400
12:11:26.38	164	ay:3272	17052
12:11:26.42	-352	ay:2844	17000
12:11:26.42	452	ay:2696	16452
12:11:26.42	-824	ay:3444	18112
12:11:26.46	-96	ay:2468	16088
12:11:26.46	-548	ay:3844	17184
12:11:26.46	692	ay:2344	15344
12:11:26.49	-524	ay:2188	17136
12:11:26.49	632	ay:1956	14832
12:11:26.49	-604	ay:2708	16224
12:11:26.53	48	ay:3052	15144
12:11:26.53	-408	ay:2596	16612
12:11:26.57	620	ay:2164	15800
12:11:26.57	-1252	ay:1420	16652
12:11:26.57	-488	ay:3604	15392
12:11:26.60	-680	ay:2108	15040
12:11:26.60	240	ay:2816	14812
12:11:26.60	-1248	ay:1556	17112
12:11:26.64	516	ay:2416	14444
12:11:26.64	-880	ay:2832	16808
12:11:26.67	-436	ay:2356	14712
12:11:26.67	-52	ay:2860	15628
12:11:26.67	-308	ay:1484	15208
12:11:26.70	-588	ay:3408	16680
12:11:26.70	-920	ay:2480	15564
12:11:26.74	-1160	ay:2524	13844
12:11:26.74	-160	ay:2824	16824
12:11:26.74	-332	ay:1348	14588
12:11:26.78	-680	ay:4116	14848
12:11:26.78	-1240	ay:2360	16856
12:11:26.78	388	ay:1716	14640
12:11:26.81	-656	ay:2668	16992
12:11:26.81	24	ay:2212	14284
12:11:26.84	-1156	ay:2800	16568
12:11:26.84	-324	ay:2640	14564
12:11:26.84	-1268	ay:2224	16668
12:11:26.88	36	ay:3172	16320
12:11:26.88	-880	ay:2960	16540
12:11:26.92	-692	ay:1984	15164
12:11:26.92	-1760	ay:3396	16264
12:11:26.92	-636	ay:2312	15296
12:11:26.95	108	ay:3088	15240
12:11:26.95	-496	ay:3268	17232
12:11:26.95	-404	ay:1596	14848
12:11:26.99	-1808	ay:3856	16844
12:11:26.99	100	ay:2148	14104
12:11:27.02	-1832	ay:1552	16620
12:11:27.02	752	ay:3288	14836
12:11:27.02	-1852	ay:820	16124
12:11:27.06	-1200	ay:3532	15292
12:11:27.06	-1148	ay:2540	15168
12:11:27.06	-940	ay:1112	15864
12:11:27.09	-728	ay:3580	14832
12:11:27.09	-1476	ay:1564	15884
12:11:27.13	-1040	ay:2172	15712
12:11:27.13	-1032	ay:2964	15572
12:11:27.13	-852	ay:1072	14880
12:11:27.16	-356	ay:1512	14596
12:11:27.16	-2396	ay:2568	16640
12:11:27.20	-1192	ay:1808	14828
12:11:27.20	-1172	ay:2084	16256
12:11:27.23	-444	ay:1952	14464
12:11:27.23	-2240	ay:2204	16468
12:11:27.23	-1296	ay:2232	15652
12:11:27.27	-1560	ay:896	14772
12:11:27.27	-928	ay:2496	15076
12:11:27.27	-1472	ay:2320	16348
12:11:27.31	-780	ay:780	15064
12:11:27.31	-2180	ay:2484	16928
12:11:27.31	-1116	ay:2132	15288
12:11:27.34	-1924	ay:596	15752
12:11:27.34	-512	ay:1916	14904
12:11:27.38	-2212	ay:1828	16480
12:11:27.38	-1704	ay:2824	15048
12:11:27.38	-1920	ay:1368	15632
12:11:27.41	-1600	ay:2044	16556
12:11:27.41	-400	ay:1516	14824
12:11:27.45	-1396	ay:856	16160
12:11:27.45	-1996	ay:2736	14988
12:11:27.45	-1504	ay:1656	16008
12:11:27.48	-1744	ay:784	17016
12:11:27.48	-296	ay:2436	13764
12:11:27.48	-2692	ay:1604	16916
12:11:27.52	-1248	ay:652	14736
12:11:27.52	-1588	ay:2612	17404
12:11:27.55	-1300	ay:1640	14912
12:11:27.55	-1532	ay:1604	14660
12:11:27.59	-1720	ay:2048	16232
12:11:27.59	-812	ay:1744	15416
12:11:27.59	-1776	ay:-16	15016
12:11:27.62	-728	ay:1272	14324
12:11:27.62	-1676	ay:1776	16780
12:11:27.65	-1156	ay:1060	15612
12:11:27.65	-320	ay:840	15404
12:11:27.65	-1576	ay:60	16192
12:11:27.69	-772	ay:1116	14124
12:11:27.69	-1800	ay:1060	16560
12:11:27.69	-1728	ay:888	15384
12:11:27.73	-452	ay:520	15268
12:11:27.73	-1352	ay:1992	15928
12:11:27.76	-996	ay:868	15972
12:11:27.76	-1468	ay:-32	17168
12:11:27.76	-952	ay:-148	13416
12:11:27.80	-1760	ay:272	16736
12:11:27.80	-1156	ay:816	15964
12:11:27.83	-604	ay:808	17272
12:11:27.83	-784	ay:-140	14816
12:11:27.83	-1848	ay:-576	15748
12:11:27.87	-524	ay:-184	15924
12:11:27.87	-1536	ay:580	16840
12:11:27.90	-696	ay:1740	16388
12:11:27.90	-1168	ay:-388	15252
12:11:27.90	-1736	ay:-400	15376
12:11:27.94	-1576	ay:1164	16908
12:11:27.94	-544	ay:32	15996
12:11:27.94	-1096	ay:56	16656
12:11:27.97	-1384	ay:-304	15996
12:11:27.97	-1020	ay:664	15140
12:11:28.01	-1360	ay:536	16244
12:11:28.01	-188	ay:-608	15724
12:11:28.01	-1088	ay:576	17880
12:11:28.04	-996	ay:976	13812
12:11:28.04	-2620	ay:256	17440
12:11:28.08	-680	ay:-528	14808
12:11:28.08	-1276	ay:304	16632
12:11:28.08	-1140	ay:1292	16000
12:11:28.12	-1492	ay:620	16008
12:11:28.12	-1148	ay:-112	16256
12:11:28.12	-548	ay:-272	16256
12:11:28.15	-580	ay:-836	16412
12:11:28.15	-928	ay:332	16392
12:11:28.18	-1388	ay:728	15588
12:11:28.18	-296	ay:-332	16092
12:11:28.22	64	ay:-780	16072
12:11:28.22	-1016	ay:76	15788
12:11:28.22	-1804	ay:792	17296
12:11:28.25	-880	ay:208	15032
12:11:28.25	-988	ay:-436	16100
12:11:28.29	-692	ay:-1076	15820
12:11:28.29	-1092	ay:704	17068
12:11:28.29	-1172	ay:672	17052
12:11:28.32	-1516	ay:1048	15784
12:11:28.32	-248	ay:-520	14724
12:11:28.32	-96	ay:-688	17148
12:11:28.36	-820	ay:4	15496
12:11:28.36	-1296	ay:812	15148
12:11:28.40	-2136	ay:-1032	16396
12:11:28.40	676	ay:-92	15488
12:11:28.40	-168	ay:-1288	16088
12:11:28.43	-576	ay:-136	16248
12:11:28.43	-1216	ay:736	17068
12:11:28.43	-1168	ay:364	15356
12:11:28.47	-908	ay:172	15396
12:11:28.47	-308	ay:-712	15308
12:11:28.50	-960	ay:-904	16168
12:11:28.50	-1576	ay:88	14372
12:11:28.50	-904	ay:1148	16628
12:11:28.54	104	ay:-456	16144
12:11:28.54	-96	ay:24	15400
12:11:28.54	-1096	ay:-304	16612
12:11:28.58	-1248	ay:544	15696
12:11:28.58	-1284	ay:-784	15784
12:11:28.62	-1004	ay:-188	16868
12:11:28.62	-316	ay:-728	16072
12:11:28.62	-276	ay:240	15228
12:11:28.65	-700	ay:-200	16640
12:11:28.65	-1468	ay:1172	16304
12:11:28.65	-384	ay:144	15880
12:11:28.68	-996	ay:-388	16668
12:11:28.68	-348	ay:540	15524
12:11:28.72	-472	ay:420	16484
12:11:28.72	-1316	ay:-388	15616
12:11:28.72	-1320	ay:72	16200
12:11:28.76	96	ay:-300	16272
12:11:28.76	-1124	ay:456	16428
12:11:28.76	-1036	ay:464	15800
12:11:28.79	-772	ay:452	15776
12:11:28.79	-1128	ay:452	16636
12:11:28.82	-540	ay:-432	16800
12:11:28.82	-780	ay:252	16516
12:11:28.82	-556	ay:-380	14736
12:11:28.86	-820	ay:-816	17692
12:11:28.86	-180	ay:40	15356
12:11:28.89	-684	ay:120	16808
12:11:28.89	404	ay:-252	15076
12:11:28.89	-672	ay:-448	16672
12:11:28.93	-972	ay:-56	15904
12:11:28.93	-1532	ay:-44	15972
12:11:28.93	-1072	ay:280	16920
12:11:28.96	380	ay:-152	15276
12:11:28.96	-772	ay:-32	16720
12:11:29.00	128	ay:304	14208
12:11:29.00	-1364	ay:-4	17056
12:11:29.00	-848	ay:532	16188
12:11:29.03	-508	ay:512	15708
12:11:29.03	52	ay:56	16120
12:11:29.06	-112	ay:16	15824
12:11:29.06	-1332	ay:184	16168
12:11:29.06	-1668	ay:-16	17284
12:11:29.10	316	ay:-152	14560
12:11:29.10	-324	ay:-1056	17548
12:11:29.13	-524	ay:328	15120
12:11:29.13	-752	ay:-288	16932
12:11:29.13	-480	ay:-120	15896
12:11:29.16	24	ay:-436	16324
12:11:29.16	232	ay:-328	15512
12:11:29.20	-1316	ay:-628	17368
12:11:29.20	-496	ay:512	15260
12:11:29.20	-1216	ay:-356	15756
12:11:29.23	-576	ay:12	16916
12:11:29.23	396	ay:-268	16016
12:11:29.26	-304	ay:48	15028
12:11:29.26	-1056	ay:-108	16840
12:11:29.26	-572	ay:-80	15808
12:11:29.30	-464	ay:84	16416
12:11:29.30	684	ay:1612	15208
12:11:29.33	-760	ay:-316	17916
12:11:29.33	-864	ay:64	15924
12:11:29.33	-24	ay:648	15232
12:11:29.36	-376	ay:-504	16900
12:11:29.36	-444	ay:-332	16996
12:11:29.40	332	ay:640	14244
12:11:29.40	-936	ay:-420	16296
12:11:29.40	-716	ay:-512	17588
12:11:29.44	832	ay:-20	14896
12:11:29.44	848	ay:-444	16192
12:11:29.44	-300	ay:-196	16696
12:11:29.47	828	ay:188	13756
12:11:29.47	-796	ay:-1044	16416
12:11:29.50	-644	ay:420	17940
12:11:29.50	844	ay:144	14192
12:11:29.50	-596	ay:-100	17692
12:11:29.54	32	ay:-20	16640
12:11:29.54	912	ay:256	14268
12:11:29.57	-724	ay:48	17216
12:11:29.57	524	ay:200	14556
12:11:29.57	-8	ay:188	16340
12:11:29.60	-188	ay:-196	16132
12:11:29.60	816	ay:-296	14652
12:11:29.64	20	ay:124	17392
12:11:29.64	456	ay:956	14932
12:11:29.64	324	ay:220	16080
12:11:29.67	-672	ay:-8	16684
12:11:29.67	320	ay:-268	14716
12:11:29.71	-356	ay:144	16820
12:11:29.71	-180	ay:704	15564
12:11:29.71	-708	ay:-432	17268
12:11:29.71	556	ay:-636	15248
12:11:29.74	-52	ay:-436	16276
12:11:29.74	-316	ay:104	16328
12:11:29.78	-548	ay:-168	15544
12:11:29.78	-28	ay:-608	16976
12:11:29.78	272	ay:-284	15780
12:11:29.81	12	ay:96	17220
12:11:29.81	420	ay:8	15228
12:11:29.85	-756	ay:-4	17180
12:11:29.85	-420	ay:-556	15644
12:11:29.85	-544	ay:-272	17392
12:11:29.89	312	ay:216	14936
12:11:29.89	-756	ay:128	17684
12:11:29.89	-212	ay:440	14836
12:11:29.92	-580	ay:-1024	17416
12:11:29.92	852	ay:-412	14856
12:11:29.96	-568	ay:-348	16804
12:11:29.96	-244	ay:332	16440
12:11:29.96	220	ay:-36	15636
12:11:29.99	8	ay:-540	15516
12:11:29.99	84	ay:-316	16720
12:11:29.99	696	ay:220	14656
12:11:30.03	460	ay:160	16808
12:11:30.03	-108	ay:-16	15880
12:11:30.03	-96	ay:540	15420
12:11:30.07	-264	ay:-36	16568
12:11:30.07	4	ay:432	16988
12:11:30.07	148	ay:276	16592
12:11:30.10	560	ay:304	16020
12:11:30.10	468	ay:-436	15156
12:11:30.14	-212	ay:-184	16800
12:11:30.14	176	ay:128	15692
12:11:30.14	152	ay:16	16072
12:11:30.17	-112	ay:-676	16096
12:11:30.17	280	ay:-656	15884
12:11:30.17	-72	ay:-304	16844
12:11:30.21	360	ay:-372	15728
12:11:30.21	-68	ay:-96	16704
12:11:30.21	812	ay:24	15576
12:11:30.24	72	ay:-700	17148
12:11:30.24	760	ay:-196	14472
12:11:30.28	-788	ay:-760	16940
12:11:30.28	136	ay:12	15464
12:11:30.28	52	ay:-792	16848
12:11:30.31	216	ay:-564	15124
12:11:30.31	-348	ay:-140	16940
12:11:30.35	-432	ay:220	15592
12:11:30.35	-344	ay:-284	17024
12:11:30.35	48	ay:-496	16244
12:11:30.38	544	ay:-476	15592
12:11:30.38	-520	ay:-244	16664
12:11:30.42	352	ay:412	15440
12:11:30.42	-328	ay:-572	16956
12:11:30.42	992	ay:-224	15252
12:11:30.45	-312	ay:-524	17004
12:11:30.45	544	ay:172	14956
12:11:30.45	-556	ay:128	16736
12:11:30.48	308	ay:-16	15556
12:11:30.48	224	ay:184	16664
12:11:30.48	556	ay:12	15612
12:11:30.52	-556	ay:364	16664
12:11:30.52	292	ay:1288	14592
12:11:30.56	-356	ay:324	16440
12:11:30.56	452	ay:96	15860
12:11:30.56	536	ay:816	15788
12:11:30.59	-124	ay:1552	17084
12:11:30.59	36	ay:1176	15696
12:11:30.59	-340	ay:704	16428
12:11:30.63	608	ay:1216	15736
12:11:30.63	488	ay:1640	15936
12:11:30.63	176	ay:1352	16428
12:11:30.66	40	ay:1628	15556
12:11:30.66	88	ay:1316	16008
12:11:30.70	472	ay:1048	15496
12:11:30.70	-288	ay:1160	16640
12:11:30.70	1044	ay:1264	14824
12:11:30.74	-496	ay:1452	16952
12:11:30.74	552	ay:1116	15300
12:11:30.74	408	ay:1216	16048
12:11:30.77	388	ay:1344	16000
12:11:30.77	-88	ay:1264	16216
12:11:30.81	60	ay:1140	15288
12:11:30.81	144	ay:944	16000
12:11:30.81	56	ay:1208	16460
12:11:30.84	492	ay:968	15428
12:11:30.84	-116	ay:1332	16112
12:11:30.84	344	ay:1192	15968
12:11:30.87	-268	ay:740	15468
12:11:30.87	320	ay:1120	16128
12:11:30.91	36	ay:824	15552
12:11:30.91	-276	ay:1044	16484
12:11:30.91	420	ay:600	14912
12:11:30.95	216	ay:1464	16296
12:11:30.95	56	ay:1028	15996
12:11:30.98	-24	ay:1040	14952
12:11:30.98	-500	ay:1260	16296
12:11:30.98	408	ay:1520	15252
12:11:30.98	-428	ay:1808	16452
12:11:31.02	372	ay:2460	15268
12:11:31.02	108	ay:2400	15144
12:11:31.05	-252	ay:2240	16916
12:11:31.05	616	ay:2488	14240
12:11:31.05	-400	ay:2560	16576
12:11:31.09	684	ay:3068	14624
12:11:31.09	40	ay:2660	15776
12:11:31.12	436	ay:2788	15424
12:11:31.12	48	ay:2804	15504
12:11:31.12	124	ay:2584	16124
12:11:31.16	536	ay:2592	15408
12:11:31.16	-104	ay:2800	16028
12:11:31.16	684	ay:2748	15148
12:11:31.19	-228	ay:3008	16052
12:11:31.19	216	ay:2880	15440
12:11:31.22	180	ay:2756	15556
12:11:31.22	-20	ay:3040	15756
12:11:31.22	792	ay:2888	15492
12:11:31.26	-288	ay:2964	15876
12:11:31.26	340	ay:3136	15512
12:11:31.30	204	ay:2604	15632
12:11:31.30	160	ay:3152	15624
12:11:31.30	444	ay:3100	14984
12:11:31.33	-1068	ay:2932	16068
12:11:31.33	2048	ay:4032	13976
12:11:31.33	76	ay:3552	16324
12:11:31.37	-736	ay:2812	16888
12:11:31.37	1200	ay:3240	13552
12:11:31.40	-1020	ay:2924	16136
12:11:31.40	416	ay:3376	15284
12:11:31.40	4	ay:2676	15976
12:11:31.44	28	ay:2788	15692
12:11:31.44	428	ay:2928	14512
12:11:31.47	-372	ay:2724	16116
12:11:31.47	424	ay:2680	15240
12:11:31.47	24	ay:2736	15652
12:11:31.51	-32	ay:2800	15508
12:11:31.51	52	ay:2636	15780
12:11:31.51	-232	ay:2636	15424
12:11:31.55	224	ay:2564	16132
12:11:31.55	124	ay:2420	15324
12:11:31.58	-80	ay:3040	15792
12:11:31.58	704	ay:3308	14688
12:11:31.58	-336	ay:3200	15888
12:11:31.58	576	ay:3036	15600
12:11:31.62	96	ay:2500	15804
12:11:31.62	136	ay:2992	15328
12:11:31.65	248	ay:2952	15544
12:11:31.65	592	ay:3408	14620
12:11:31.65	372	ay:3404	16320
12:11:31.68	708	ay:3016	14764
12:11:31.68	-456	ay:3072	15844
12:11:31.72	396	ay:2988	15372
12:11:31.72	-136	ay:3036	15624
12:11:31.76	520	ay:3068	15612
12:11:31.76	580	ay:2960	15096
12:11:31.76	-340	ay:3216	16048
12:11:31.76	464	ay:3028	15396
12:11:31.79	-96	ay:2660	16016
12:11:31.79	164	ay:3216	15388
12:11:31.82	552	ay:2640	15036
12:11:31.82	-248	ay:2864	16008
12:11:31.86	600	ay:3184	14964
12:11:31.86	24	ay:2976	16056
12:11:31.86	192	ay:3256	15248
12:11:31.89	80	ay:2936	15880
12:11:31.89	-72	ay:2684	14932
12:11:31.92	-180	ay:2836	16232
12:11:31.92	648	ay:3016	14700
12:11:31.92	-196	ay:3152	15976
12:11:31.96	280	ay:2944	15096
12:11:31.96	-216	ay:2964	15480
12:11:31.99	244	ay:3140	15164
12:11:31.99	204	ay:3184	15280
12:11:31.99	-96	ay:3176	15632
12:11:32.03	596	ay:2724	15584
12:11:32.03	-244	ay:3004	15368
12:11:32.06	-68	ay:3136	15684
12:11:32.06	620	ay:2784	15036
12:11:32.06	-540	ay:3088	16092
12:11:32.10	896	ay:2984	14556
12:11:32.10	-276	ay:2872	16136
12:11:32.10	476	ay:3740	14800
12:11:32.13	92	ay:3692	15168
12:11:32.13	96	ay:3564	15448
12:11:32.13	548	ay:3404	14808
12:11:32.16	-192	ay:3260	15968
12:11:32.16	88	ay:3832	14864
12:11:32.20	-16	ay:3932	15496
12:11:32.20	444	ay:4316	14472
12:11:32.20	108	ay:4652	15248
12:11:32.23	292	ay:4984	14424
12:11:32.23	-456	ay:4652	15612
12:11:32.27	120	ay:4668	14648
12:11:32.27	-52	ay:4344	15496
12:11:32.30	588	ay:4448	14704
12:11:32.30	-112	ay:4684	15740
12:11:32.30	432	ay:5644	14664
12:11:32.34	-8	ay:5548	14884
12:11:32.34	132	ay:5104	14748
12:11:32.34	36	ay:5048	15284
12:11:32.37	76	ay:5076	15436
12:11:32.37	-188	ay:5064	15132
12:11:32.41	-176	ay:4968	15440
12:11:32.41	304	ay:5224	14864
12:11:32.41	368	ay:5636	15288
12:11:32.45	152	ay:5520	14624
12:11:32.45	-136	ay:5568	15284
12:11:32.45	220	ay:5636	14608
12:11:32.48	144	ay:4880	15812
12:11:32.48	268	ay:5076	14576
12:11:32.51	84	ay:5236	15228
12:11:32.51	116	ay:5708	14796
12:11:32.51	248	ay:5856	14788
12:11:32.55	100	ay:5924	14624
12:11:32.55	136	ay:5788	14560
12:11:32.58	-104	ay:5888	14636
12:11:32.58	236	ay:5540	14792
12:11:32.58	-140	ay:6052	14944
12:11:32.61	548	ay:6100	13944
12:11:32.61	168	ay:6340	15164
12:11:32.65	476	ay:6536	13976
12:11:32.65	-224	ay:6656	15212
12:11:32.65	328	ay:6364	14128
12:11:32.68	-160	ay:6416	15200
12:11:32.68	460	ay:6456	14340
12:11:32.71	-212	ay:6316	14904
12:11:32.71	288	ay:6556	14604
12:11:32.71	252	ay:6924	14468
12:11:32.75	-52	ay:6696	15532
12:11:32.75	640	ay:6628	14132
12:11:32.78	-592	ay:6692	15704
12:11:32.78	520	ay:6836	13540
12:11:32.78	-732	ay:6292	15940
12:11:32.82	700	ay:6788	14368
12:11:32.82	88	ay:6660	14388
12:11:32.85	-276	ay:6616	15344
12:11:32.85	876	ay:6848	13916
12:11:32.85	-832	ay:6460	15496
12:11:32.88	832	ay:6892	14312
12:11:32.88	56	ay:6304	14156
12:11:32.92	-428	ay:6676	15900
12:11:32.92	880	ay:6680	13368
12:11:32.92	-1016	ay:6540	15816
12:11:32.96	1236	ay:7260	13844
12:11:32.96	-504	ay:6636	14696
12:11:32.96	-76	ay:7152	15352
12:11:32.99	1044	ay:6916	13260
12:11:32.99	-1272	ay:6392	15756
12:11:33.02	1424	ay:7564	13608
12:11:33.02	-400	ay:6968	14580
12:11:33.02	356	ay:7316	14904
12:11:33.06	724	ay:7316	13136
12:11:33.06	-1348	ay:6848	15852
12:11:33.09	1316	ay:7512	14008
12:11:33.09	-736	ay:7028	14452
12:11:33.12	360	ay:7640	15068
12:11:33.12	640	ay:7524	13196
12:11:33.12	-1224	ay:7400	15764
12:11:33.16	1508	ay:7648	13640
12:11:33.16	-952	ay:7248	14496
12:11:33.19	504	ay:7856	15172
12:11:33.19	460	ay:7792	13216
12:11:33.19	-1232	ay:7712	15208
12:11:33.23	1328	ay:8140	14416
12:11:33.23	-188	ay:7756	13072
12:11:33.23	-260	ay:7732	16376
12:11:33.26	864	ay:8004	13332
12:11:33.26	-704	ay:8316	14496
12:11:33.30	408	ay:7212	15552
12:11:33.30	720	ay:8056	12404
12:11:33.34	-1212	ay:7956	15300
12:11:33.34	444	ay:7148	15032
12:11:33.34	552	ay:8348	13240
12:11:33.37	-284	ay:7232	14740
12:11:33.37	416	ay:5752	15884
12:11:33.37	388	ay:8184	13416
12:11:33.41	-924	ay:6800	15312
12:11:33.41	388	ay:4636	16100
12:11:33.44	620	ay:6840	13548
12:11:33.44	-936	ay:6488	15488
12:11:33.44	260	ay:4596	16312
12:11:33.48	280	ay:5500	14456
12:11:33.48	-684	ay:6112	15652
12:11:33.48	736	ay:4196	14992
12:11:33.51	152	ay:5128	15464
12:11:33.51	-568	ay:6148	14896
12:11:33.55	324	ay:4856	14044
12:11:33.55	640	ay:4716	15032
12:11:33.55	-44	ay:5628	14396
12:11:33.58	200	ay:5460	14252
12:11:33.58	116	ay:5340	14752
12:11:33.58	-368	ay:5556	15712
12:11:33.62	1332	ay:6608	13368
12:11:33.62	-236	ay:5920	14476
12:11:33.66	-596	ay:6300	15256
12:11:33.66	884	ay:6768	12592
12:11:33.66	-984	ay:6100	15136
12:11:33.69	1464	ay:7132	13520
12:11:33.69	-184	ay:7120	13520
12:11:33.69	-320	ay:7108	14504
12:11:33.73	824	ay:6420	14112
12:11:33.73	-860	ay:6484	14508
12:11:33.76	1092	ay:7032	14304
12:11:33.76	144	ay:6868	13908
12:11:33.80	-48	ay:7244	15528
12:11:33.80	1052	ay:6588	13652
12:11:33.80	-1292	ay:5644	16436
12:11:33.84	1428	ay:6844	13692
12:11:33.84	-692	ay:6020	15164
12:11:33.84	104	ay:6460	15692
12:11:33.87	888	ay:6024	14608
12:11:33.87	-1312	ay:5416	16028
12:11:33.91	812	ay:5972	14920
12:11:33.91	-264	ay:5412	14876
12:11:33.91	-220	ay:6180	16116
12:11:33.94	816	ay:5548	13668
12:11:33.94	-1368	ay:5232	16888
12:11:33.97	1284	ay:5868	13952
12:11:33.97	-580	ay:5120	15488
12:11:33.97	568	ay:5912	14868
12:11:34.01	72	ay:5692	13980
12:11:34.01	-220	ay:5860	15168
12:11:34.04	884	ay:5968	13928
12:11:34.04	-372	ay:5588	15644
12:11:34.04	700	ay:6696	13316
12:11:34.08	-760	ay:5852	15796
12:11:34.08	524	ay:6988	13676
12:11:34.08	-36	ay:6724	15204
12:11:34.11	704	ay:6296	13992
12:11:34.11	-184	ay:7356	14388
12:11:34.15	224	ay:6916	13508
12:11:34.15	-156	ay:6832	14828
12:11:34.15	532	ay:7176	13716
12:11:34.18	-164	ay:6880	14132
12:11:34.18	232	ay:7408	14824
12:11:34.18	-36	ay:7232	13920
12:11:34.22	-592	ay:7004	15284
12:11:34.22	172	ay:6984	13804
12:11:34.25	-600	ay:6980	15788
12:11:34.25	840	ay:7348	13644
12:11:34.25	-792	ay:6996	16852
12:11:34.28	868	ay:6864	12980
12:11:34.28	-428	ay:6764	16696
12:11:34.32	612	ay:6692	13996
12:11:34.32	72	ay:6840	15892
12:11:34.32	620	ay:6672	13736
12:11:34.36	-324	ay:6436	16240
12:11:34.36	928	ay:6588	13036
12:11:34.36	-644	ay:6196	16328
12:11:34.39	520	ay:6400	13636
12:11:34.39	-572	ay:6972	15784
12:11:34.43	392	ay:6640	13768
12:11:34.43	-308	ay:6368	15664
12:11:34.43	-40	ay:6608	14352
12:11:34.46	-104	ay:6824	14592
12:11:34.46	56	ay:6528	14712
12:11:34.50	1100	ay:6116	14548
12:11:34.50	-16	ay:6520	14484
12:11:34.53	124	ay:6684	13812
12:11:34.53	-180	ay:5908	16172
12:11:34.53	1004	ay:6164	12992
12:11:34.53	-348	ay:6360	16584
12:11:34.57	544	ay:6764	13676
12:11:34.57	-1012	ay:6188	16000
12:11:34.60	-56	ay:6668	14252
12:11:34.60	664	ay:6408	13856
12:11:34.60	-260	ay:6012	15204
12:11:34.64	392	ay:6784	12460
12:11:34.64	-924	ay:6252	16108
12:11:34.64	1320	ay:6620	12828
12:11:34.67	-204	ay:6616	15888
12:11:34.67	752	ay:6772	13812
12:11:34.71	-104	ay:6680	14816
12:11:34.71	-220	ay:6980	15416
12:11:34.74	976	ay:7400	12620
12:11:34.74	-352	ay:6872	15660
12:11:34.74	-184	ay:7596	14484
12:11:34.77	184	ay:7660	12488
12:11:34.77	-588	ay:7000	15228
12:11:34.81	1004	ay:8336	13144
12:11:34.81	612	ay:7252	13928
12:11:34.81	-292	ay:7300	15124
12:11:34.84	1036	ay:8660	12588
12:11:34.84	396	ay:7508	14404
12:11:34.88	196	ay:7648	15220
12:11:34.88	1332	ay:8856	12728
12:11:34.88	-936	ay:7596	15232
12:11:34.92	-324	ay:8452	14804
12:11:34.92	160	ay:8996	13540
12:11:34.92	-620	ay:8396	15672
12:11:34.96	-780	ay:8368	14844
12:11:34.96	328	ay:9364	13416
12:11:34.96	-616	ay:8024	15988
12:11:34.99	-260	ay:8832	13664
12:11:34.99	340	ay:8368	14780
12:11:35.02	668	ay:7964	14032
12:11:35.02	-496	ay:8396	15440
12:11:35.02	432	ay:8676	13868
12:11:35.06	192	ay:8900	13916
12:11:35.06	-592	ay:9076	15056
12:11:35.10	48	ay:9480	14240
12:11:35.10	180	ay:9196	13336
12:11:35.10	-996	ay:8304	15152
12:11:35.13	-1104	ay:8672	15320
12:11:35.13	-100	ay:10312	13120
12:11:35.13	676	ay:9536	12632
12:11:35.17	-96	ay:7980	14688
12:11:35.17	-300	ay:8796	13540
12:11:35.20	-244	ay:9416	13192
12:11:35.20	308	ay:9520	12888
12:11:35.20	-320	ay:8728	15004
12:11:35.23	648	ay:7984	13624
12:11:35.23	-312	ay:8920	13612
12:11:35.27	-376	ay:9296	13464
12:11:35.27	-896	ay:9216	14404
12:11:35.27	-32	ay:10384	13276
12:11:35.30	84	ay:10224	13800
12:11:35.30	-380	ay:9300	13740
12:11:35.33	-960	ay:9560	13744
12:11:35.33	-24	ay:9396	14592
12:11:35.33	96	ay:8988	14112
12:11:35.36	-120	ay:9548	15208
12:11:35.36	-144	ay:10476	12976
12:11:35.40	-944	ay:10136	14268
12:11:35.40	-52	ay:9664	12836
12:11:35.40	-48	ay:9700	13280
12:11:35.43	-304	ay:10124	13848
12:11:35.43	-864	ay:11084	14524
12:11:35.46	-300	ay:9500	13476
12:11:35.46	504	ay:10116	12784
12:11:35.46	-28	ay:10440	14856
12:11:35.50	-800	ay:11032	13608
12:11:35.50	-528	ay:10156	12396
12:11:35.53	-352	ay:10340	13848
12:11:35.53	400	ay:8956	13068
12:11:35.53	-404	ay:9656	14560
12:11:35.56	-476	ay:10608	11304
12:11:35.56	-1520	ay:9768	14260
12:11:35.60	12	ay:9576	12584
12:11:35.60	-188	ay:9064	15632
12:11:35.60	-656	ay:10636	14760
12:11:35.63	-996	ay:11340	13492
12:11:35.63	-1292	ay:11036	14872
12:11:35.66	264	ay:9628	13032
12:11:35.66	-888	ay:9524	14072
12:11:35.70	-212	ay:10616	12044
12:11:35.70	-2208	ay:10832	15728
12:11:35.70	240	ay:11284	12796
12:11:35.73	-1236	ay:9244	15816
12:11:35.73	1272	ay:10700	12184
12:11:35.77	-2056	ay:11008	15204
12:11:35.77	-544	ay:9928	13036
12:11:35.80	-744	ay:10788	15604
12:11:35.80	656	ay:11488	12632
12:11:35.80	-1328	ay:10380	14852
12:11:35.84	-1104	ay:10268	12356
12:11:35.84	-1028	ay:10672	14432
12:11:35.84	-324	ay:9376	13728
12:11:35.87	-924	ay:11128	14620
12:11:35.87	-1072	ay:12784	13348
12:11:35.91	-1672	ay:9024	13680
12:11:35.91	-680	ay:10876	14528
12:11:35.95	-500	ay:10180	13220
12:11:35.95	-808	ay:12180	13228
12:11:35.95	-1568	ay:10448	15020
12:11:35.98	-1236	ay:10932	13216
12:11:35.98	-1132	ay:10508	13312
12:11:35.98	412	ay:11208	12392
12:11:36.01	-152	ay:9756	12884
12:11:36.01	-1788	ay:10908	13472
12:11:36.05	-1272	ay:10092	12244
12:11:36.05	-76	ay:10776	13316
12:11:36.09	136	ay:11568	14888
12:11:36.09	-248	ay:10776	12804
12:11:36.09	-1916	ay:10820	13628
12:11:36.12	-2036	ay:11224	12240
12:11:36.12	-500	ay:10400	13180
12:11:36.12	220	ay:11428	13656
12:11:36.16	-1404	ay:10736	14484
12:11:36.16	-1436	ay:12060	12552
12:11:36.19	-908	ay:10572	14076
12:11:36.19	-300	ay:10648	12504
12:11:36.19	-1080	ay:11636	16556
12:11:36.23	-72	ay:12208	12760
12:11:36.23	-1440	ay:9976	15108
12:11:36.26	-1548	ay:11444	14376
12:11:36.26	-72	ay:11268	12448
12:11:36.26	-1968	ay:9960	13772
12:11:36.30	-228	ay:11352	12764
12:11:36.30	-2292	ay:12592	14028
12:11:36.33	-1024	ay:11096	13100
12:11:36.33	-368	ay:10648	12796
12:11:36.33	-1960	ay:10472	13272
12:11:36.37	-1752	ay:10832	13532
12:11:36.37	-996	ay:12024	11880
12:11:36.37	-1944	ay:9960	15072
12:11:36.41	-48	ay:11160	12728
12:11:36.41	-1000	ay:11108	14212
12:11:36.44	-976	ay:10640	13168
12:11:36.44	-1536	ay:11748	12208
12:11:36.47	-1468	ay:12080	14140
12:11:36.47	1108	ay:10704	12120
12:11:36.47	-2468	ay:9076	14628
12:11:36.51	-1144	ay:11752	12296
12:11:36.51	-608	ay:11160	12848
12:11:36.54	-1748	ay:11592	14808
12:11:36.54	-220	ay:10660	13992
12:11:36.54	-120	ay:11132	12968
12:11:36.57	-1120	ay:12492	14708
12:11:36.57	-812	ay:11988	13964
12:11:36.61	-436	ay:11228	13248
12:11:36.61	-432	ay:12836	13624
12:11:36.64	-1804	ay:11600	14532
12:11:36.64	-1780	ay:9896	14740
12:11:36.64	-360	ay:10516	11680
12:11:36.68	-1140	ay:11716	14528
12:11:36.68	-1860	ay:10348	13584
12:11:36.68	-2128	ay:10540	13840
12:11:36.72	-20	ay:12104	12564
12:11:36.72	-760	ay:12252	13824
12:11:36.75	-668	ay:9932	14096
12:11:36.75	-2400	ay:11132	11984
12:11:36.75	-2692	ay:10856	12960
12:11:36.79	-1732	ay:11180	13932
12:11:36.79	752	ay:11816	11140
12:11:36.83	-1748	ay:11648	15292
12:11:36.83	-1988	ay:9228	11076
12:11:36.83	-3660	ay:9900	13772
12:11:36.87	-624	ay:12160	11992
12:11:36.87	-208	ay:10920	13236
12:11:36.87	-2144	ay:10272	15104
12:11:36.90	-1160	ay:10488	12680
12:11:36.90	-2708	ay:11080	13576
12:11:36.93	-1268	ay:11188	14392
12:11:36.93	-312	ay:10860	13604
12:11:36.97	-2388	ay:10916	14560
12:11:36.97	-1056	ay:11016	11232
12:11:37.00	-2416	ay:10712	15884
12:11:37.00	596	ay:11936	14044
12:11:37.00	-1852	ay:11024	13948
12:11:37.04	-1772	ay:10896	12388
12:11:37.04	-588	ay:9740	12904
12:11:37.04	-1936	ay:9848	14048
12:11:37.08	-1348	ay:11468	12128
12:11:37.08	-332	ay:11036	14304
12:11:37.08	-2472	ay:12216	13796
12:11:37.11	-2188	ay:9696	14500
12:11:37.11	-1212	ay:11204	11892
12:11:37.15	-2228	ay:10920	13848
12:11:37.15	-716	ay:10436	12620
12:11:37.19	-1436	ay:11516	14184
12:11:37.19	-840	ay:11284	12236
12:11:37.19	-1772	ay:9636	14356
12:11:37.22	-2080	ay:10388	14452
12:11:37.22	-288	ay:4988	14432
12:11:37.22	-2128	ay:2732	17272
12:11:37.26	-1584	ay:2108	17416
12:11:37.26	-916	ay:3048	17788
12:11:37.29	-64	ay:4568	13752
12:11:37.29	-652	ay:5780	15100
12:11:37.29	-964	ay:2152	15984
12:11:37.33	-736	ay:2208	15092
12:11:37.33	-980	ay:3724	15232
12:11:37.37	-1664	ay:3836	17432
12:11:37.37	-196	ay:4696	12516
12:11:37.37	-1080	ay:2988	15232
12:11:37.40	496	ay:3388	14612
12:11:37.40	68	ay:3636	16012
12:11:37.43	-768	ay:4324	13448
12:11:37.43	-804	ay:4056	13552
12:11:37.43	-1804	ay:3380	15820
12:11:37.47	164	ay:3244	14928
12:11:37.47	-1060	ay:2624	15764
12:11:37.47	-180	ay:2368	15496
12:11:37.50	-1668	ay:1588	16804
12:11:37.50	344	ay:4560	15024
12:11:37.54	172	ay:3004	11684
12:11:37.54	-1008	ay:3192	15904
12:11:37.54	-368	ay:2228	15280
12:11:37.58	-1488	ay:1428	16008
12:11:37.58	80	ay:3420	15180
12:11:37.58	-636	ay:3504	14904
12:11:37.61	-440	ay:3344	16464
12:11:37.61	-292	ay:3444	16708
12:11:37.64	-140	ay:1976	15936
12:11:37.64	-1084	ay:3032	16332
12:11:37.68	-488	ay:3512	14356
12:11:37.68	184	ay:4408	13440
12:11:37.68	-844	ay:1900	16648
12:11:37.71	-180	ay:2432	14516
12:11:37.71	-432	ay:2332	16408
12:11:37.74	616	ay:4544	14828
12:11:37.74	212	ay:3580	14376
12:11:37.74	-400	ay:2464	14240
12:11:37.78	-368	ay:2708	13124
12:11:37.78	-284	ay:8844	12356
12:11:37.81	-1996	ay:7528	14380
12:11:37.81	-120	ay:8320	15448
12:11:37.81	-760	ay:9492	11688
12:11:37.85	-3060	ay:8744	16868
12:11:37.85	1576	ay:9584	12352
12:11:37.85	-704	ay:12872	12800
12:11:37.88	-1724	ay:11292	17056
12:11:37.88	1520	ay:10080	11268
12:11:37.92	-1188	ay:9452	16408
12:11:37.92	908	ay:9700	11704
12:11:37.95	-2772	ay:9980	16620
12:11:37.95	-448	ay:11576	13704
12:11:37.95	64	ay:10824	15164
12:11:37.98	-2784	ay:7604	16428
12:11:37.98	-632	ay:11476	14516
12:11:38.02	-2788	ay:10980	12408
12:11:38.02	-3256	ay:10816	18008
12:11:38.05	1072	ay:11980	12800
12:11:38.05	-1356	ay:12284	14128
12:11:38.05	-2072	ay:10288	14320
12:11:38.09	-1124	ay:11500	13124
12:11:38.09	-60	ay:11840	11336
12:11:38.12	-5092	ay:9792	15036
12:11:38.12	1852	ay:12380	11708
12:11:38.16	740	ay:10524	11548
12:11:38.16	-3800	ay:9420	14300
12:11:38.16	-1840	ay:11988	9624
12:11:38.19	-1828	ay:10336	12500
12:11:38.19	-840	ay:11224	15624
12:11:38.19	1744	ay:12672	11268
12:11:38.23	-3056	ay:9860	13564
12:11:38.23	-3056	ay:10248	13692
12:11:38.27	-3248	ay:10680	13760
12:11:38.27	1000	ay:11844	12884
12:11:38.27	736	ay:10072	12984
12:11:38.30	-492	ay:10624	12764
12:11:38.30	-3980	ay:11560	15652
12:11:38.33	-1908	ay:12244	16716
12:11:38.33	2164	ay:12656	12920
12:11:38.33	-1104	ay:9972	15372
12:11:38.37	156	ay:11476	12040
12:11:38.37	-3804	ay:9780	15912
12:11:38.40	-1556	ay:9728	16248
12:11:38.40	1752	ay:9256	15376
12:11:38.43	524	ay:7584	14968
12:11:38.43	232	ay:8404	14260
12:11:38.43	-2228	ay:7368	17756
12:11:38.47	-1356	ay:9540	17864
12:11:38.47	1380	ay:8512	13816
12:11:38.50	288	ay:7756	14620
12:11:38.50	-808	ay:8680	13620
12:11:38.50	-2356	ay:7988	15800
12:11:38.54	-476	ay:8932	12288
12:11:38.54	444	ay:8176	14824
12:11:38.54	768	ay:9140	11340
12:11:38.58	-1500	ay:7392	13192
12:11:38.58	-2432	ay:9528	13372
12:11:38.61	-1076	ay:9152	13628
12:11:38.61	-188	ay:8032	14816
12:11:38.65	156	ay:8952	12504
12:11:38.65	-1716	ay:8408	12836
12:11:38.65	-2768	ay:8088	15748
12:11:38.68	-628	ay:8044	12676
12:11:38.68	208	ay:7520	13508
12:11:38.68	-200	ay:7532	14556
12:11:38.72	-1500	ay:7272	12564
12:11:38.72	-2552	ay:8468	14248
12:11:38.76	-1220	ay:8108	12952
12:11:38.76	-756	ay:6580	14420
12:11:38.76	-844	ay:8012	13644
12:11:38.79	-3188	ay:8496	13624
12:11:38.79	-2012	ay:7672	12276
12:11:38.83	-1912	ay:8424	15780
12:11:38.83	-1280	ay:7992	14460
12:11:38.83	-1600	ay:7980	14532
12:11:38.86	-3056	ay:8848	15696
12:11:38.86	-1840	ay:8684	13836
12:11:38.86	-1256	ay:7876	14776
12:11:38.90	-124	ay:8592	15148
12:11:38.90	-2936	ay:6592	16328
12:11:38.93	-2728	ay:7368	14196
12:11:38.93	-896	ay:8152	16028
12:11:38.97	-888	ay:7496	16524
12:11:38.97	-1188	ay:7980	15032
12:11:38.97	-1672	ay:6880	14936
12:11:39.00	-2836	ay:5764	14452
12:11:39.00	-2836	ay:4492	13644
12:11:39.04	-1968	ay:4744	17652
12:11:39.04	-196	ay:6704	16376
12:11:39.04	-2612	ay:4696	16012
12:11:39.08	-2832	ay:5044	15200
12:11:39.08	-1108	ay:3932	15716
12:11:39.11	-1628	ay:4792	17864
12:11:39.11	-1448	ay:3996	13472
12:11:39.11	-2504	ay:4036	15836
12:11:39.14	-1348	ay:4348	11720
12:11:39.14	-3120	ay:4896	16352
12:11:39.18	-1204	ay:4428	15648
12:11:39.18	-2296	ay:4552	13736
12:11:39.18	-2824	ay:5056	13348
12:11:39.21	-3300	ay:4200	15580
12:11:39.21	-2232	ay:4664	15424
12:11:39.24	-2288	ay:4840	14180
12:11:39.24	-2300	ay:4080	13508
12:11:39.28	-3160	ay:2356	16424
12:11:39.28	-2016	ay:4068	16664
12:11:39.28	-1280	ay:4696	13280
12:11:39.31	-2876	ay:3812	14524
12:11:39.31	-3664	ay:3504	14584
12:11:39.34	-1388	ay:3004	13152
12:11:39.34	-4264	ay:2360	17816
12:11:39.38	-1780	ay:4416	13640
12:11:39.38	-2188	ay:2500	14836
12:11:39.38	-3612	ay:2636	14896
12:11:39.41	-2492	ay:3508	13588
12:11:39.41	-3000	ay:2684	16820
12:11:39.44	-2404	ay:3276	14152
12:11:39.44	-3280	ay:3396	15464
12:11:39.48	-3144	ay:3260	15480
12:11:39.48	-2048	ay:2052	13796
12:11:39.48	-3536	ay:3892	14780
12:11:39.51	-3540	ay:2684	15616
12:11:39.51	-1456	ay:2144	15432
12:11:39.54	-3120	ay:3236	18056
12:11:39.54	-1680	ay:4364	14604
12:11:39.54	-2512	ay:2476	16940
12:11:39.58	-2448	ay:3684	16244
12:11:39.58	-1900	ay:3132	13364
12:11:39.58	-3100	ay:3104	16724
12:11:39.61	-2672	ay:3392	15716
12:11:39.61	-2384	ay:2620	15004
12:11:39.65	-1736	ay:3836	14760
12:11:39.65	-2588	ay:2280	15020
12:11:39.68	-2552	ay:2832	15412
12:11:39.68	-2328	ay:3632	15308
12:11:39.68	-3056	ay:2372	14428
12:11:39.72	-1816	ay:3700	15220
12:11:39.72	-2528	ay:2764	15848
12:11:39.72	-3256	ay:2540	13812
12:11:39.75	-2700	ay:3308	14316
12:11:39.75	-2804	ay:3208	16156
12:11:39.79	-2212	ay:3128	15360
12:11:39.79	-1824	ay:3116	13640
12:11:39.79	-2308	ay:2848	14028
12:11:39.83	-2656	ay:1772	13676
12:11:39.83	-2564	ay:3388	13832
12:11:39.87	-2496	ay:2256	13620
12:11:39.87	-3180	ay:2336	16264
12:11:39.87	-2800	ay:3808	13728
12:11:39.90	-3224	ay:2008	14968
12:11:39.90	-3152	ay:3296	16648
12:11:39.93	-1708	ay:2520	14892
12:11:39.93	-2836	ay:1844	17416
12:11:39.97	-2788	ay:3204	15796
12:11:39.97	-2280	ay:2928	16156
12:11:39.97	-2804	ay:2444	18360
12:11:40.00	-1312	ay:2292	15560
12:11:40.00	-1724	ay:3932	14820
12:11:40.03	-3608	ay:2480	16656
12:11:40.03	-3124	ay:2008	15480
12:11:40.03	-2348	ay:2904	15924
12:11:40.07	-1844	ay:2404	16516
12:11:40.07	-2112	ay:2128	15852
12:11:40.07	-2808	ay:1952	14688
12:11:40.10	-2752	ay:1772	14700
12:11:40.10	-2556	ay:3720	15596
12:11:40.14	-1800	ay:2700	16280
12:11:40.14	-2352	ay:2644	14400
12:11:40.17	-3684	ay:2600	14336
12:11:40.17	-3004	ay:1940	14200
12:11:40.17	-1752	ay:2668	15200
12:11:40.21	-2188	ay:2680	14984
12:11:40.21	-2712	ay:2372	13408
12:11:40.21	-3132	ay:1728	17012
12:11:40.24	-2268	ay:2152	12960
12:11:40.24	-1904	ay:3268	13064
12:11:40.28	-3056	ay:1932	16520
12:11:40.28	-2736	ay:1800	13800
12:11:40.31	-2392	ay:2660	14588
12:11:40.31	-2344	ay:2200	13184
12:11:40.31	-3160	ay:1584	16164
12:11:40.34	-1720	ay:2788	13888
12:11:40.34	-2568	ay:1472	15120
12:11:40.38	-2332	ay:2560	15700
12:11:40.38	-1020	ay:2040	13180
12:11:40.41	-2652	ay:2236	15456
12:11:40.41	-1860	ay:2772	14704
12:11:40.41	-2028	ay:2892	17452
12:11:40.45	-2012	ay:1984	14356
12:11:40.45	-3080	ay:2348	15436
12:11:40.48	-1620	ay:3004	14044
12:11:40.48	-2376	ay:2024	16572
12:11:40.48	-2380	ay:2780	16048
12:11:40.52	-1432	ay:2684	15220
12:11:40.52	-2896	ay:2268	16276
12:11:40.55	-944	ay:2288	14512
12:11:40.55	-1396	ay:2496	16200
12:11:40.55	-1652	ay:2612	14660
12:11:40.59	-2304	ay:3040	16604
12:11:40.59	-1964	ay:1812	15884
12:11:40.59	-1144	ay:2556	16932
12:11:40.63	-572	ay:3200	13092
12:11:40.63	-396	ay:3084	13960
12:11:40.67	-3500	ay:1416	17088
12:11:40.67	-1176	ay:1864	14412
12:11:40.67	-2508	ay:3376	18780
12:11:40.70	500	ay:2916	12176
12:11:40.70	-2084	ay:2300	17272
12:11:40.70	-2016	ay:2320	15988
12:11:40.73	-696	ay:2132	15932
12:11:40.73	-1276	ay:2672	15128
12:11:40.77	-952	ay:3552	15628
12:11:40.77	-1672	ay:1996	15504
12:11:40.80	-152	ay:2488	14680
12:11:40.80	-1416	ay:1688	16432
12:11:40.80	384	ay:3476	16140
12:11:40.84	-1448	ay:1744	13004
12:11:40.84	-1948	ay:2228	13124
12:11:40.87	-2124	ay:1480	15700
12:11:40.87	-416	ay:2688	15216
12:11:40.87	-1068	ay:2520	19696
12:11:40.91	504	ay:2484	11220
12:11:40.91	-3920	ay:1068	17704
12:11:40.91	-280	ay:2892	12992
12:11:40.94	-308	ay:2336	18840
12:11:40.94	940	ay:2724	13544
12:11:40.98	-1856	ay:1868	15744
12:11:40.98	-852	ay:2036	14052
12:11:41.01	-472	ay:1868	16696
12:11:41.01	140	ay:3000	15448
12:11:41.01	-300	ay:1848	16092
12:11:41.04	-1124	ay:2820	15532
12:11:41.04	-1076	ay:1048	15856
12:11:41.08	-812	ay:3468	17060
12:11:41.08	448	ay:2100	15708
12:11:41.08	-256	ay:2580	16604
12:11:41.12	-460	ay:2268	15120
12:11:41.12	-1504	ay:1876	15888
12:11:41.12	552	ay:3256	15772
12:11:41.15	-736	ay:1688	17396
12:11:41.15	628	ay:2676	13828
12:11:41.18	-636	ay:1760	15792
12:11:41.18	-136	ay:2292	14792
12:11:41.18	-564	ay:2400	15144
12:11:41.22	668	ay:2564	12776
12:11:41.22	-920	ay:1608	15496
12:11:41.25	-1828	ay:2140	15196
12:11:41.25	-120	ay:3864	14320
12:11:41.25	-700	ay:2320	13044
12:11:41.28	260	ay:-96	18856
12:11:41.28	1664	ay:3072	13092
12:11:41.32	-2736	ay:1728	15692
12:11:41.32	-1448	ay:2632	16184
12:11:41.36	-168	ay:1824	15944
12:11:41.36	1912	ay:2392	16516
12:11:41.36	-344	ay:2016	14680
12:11:41.39	-1960	ay:3164	17464
12:11:41.39	-272	ay:2036	13576
12:11:41.39	-140	ay:2672	14992
12:11:41.43	320	ay:1428	13076
12:11:41.43	-752	ay:2408	14644
12:11:41.46	-1060	ay:2008	15080
12:11:41.46	-2132	ay:2156	15832
12:11:41.46	660	ay:3224	13772
12:11:41.49	60	ay:-88	14552
12:11:41.49	1264	ay:4196	16772
12:11:41.53	-2276	ay:900	16632
12:11:41.53	-1096	ay:3808	16004
12:11:41.56	-260	ay:2444	12964
12:11:41.56	1488	ay:672	16880
12:11:41.56	12	ay:1676	17652
12:11:41.60	-276	ay:2888	14408
12:11:41.60	-716	ay:3188	14688
12:11:41.64	-548	ay:796	16860
12:11:41.64	44	ay:2660	16224
12:11:41.64	604	ay:2224	15492
12:11:41.67	-1552	ay:1764	14992
12:11:41.67	596	ay:3832	12932
12:11:41.67	-2436	ay:692	17680
12:11:41.70	748	ay:2424	13916
12:11:41.70	-160	ay:3344	16136
12:11:41.74	-712	ay:2012	13572
12:11:41.74	-824	ay:2736	16692
12:11:41.77	152	ay:1244	13412
12:11:41.77	-896	ay:1728	15444
12:11:41.77	-548	ay:4100	16856
12:11:41.77	-324	ay:1016	14248
12:11:41.81	-920	ay:2840	15652
12:11:41.81	552	ay:2180	13696
12:11:41.85	-1196	ay:-460	14968
12:11:41.85	-608	ay:3932	15964
12:11:41.88	-48	ay:2508	14456
12:11:41.88	-1476	ay:1708	13976
12:11:41.88	480	ay:2688	13476
12:11:41.91	-1288	ay:572	15412
12:11:41.91	-1740	ay:3004	15396
12:11:41.95	-396	ay:2452	13112
12:11:41.95	-704	ay:1176	12428
12:11:41.95	580	ay:1632	17004
12:11:41.98	-852	ay:1084	15160
12:11:41.98	-144	ay:3068	15028
12:11:41.98	-1012	ay:3568	16672
12:11:42.02	644	ay:1188	14868
12:11:42.02	-532	ay:2508	15376
12:11:42.05	40	ay:2712	14996
12:11:42.05	-1476	ay:1956	17008
12:11:42.05	-64	ay:3812	13088
12:11:42.09	-396	ay:1072	16196
12:11:42.09	164	ay:1484	14956
12:11:42.12	204	ay:3800	13900
12:11:42.12	-1504	ay:2308	17008
12:11:42.16	-1348	ay:1116	15448
12:11:42.16	148	ay:3032	15456
12:11:42.16	492	ay:1656	13220
12:11:42.19	-756	ay:2368	17228
12:11:42.19	-20	ay:3048	14380
12:11:42.19	-684	ay:1124	16556
12:11:42.23	620	ay:2952	13600
12:11:42.23	-168	ay:1732	16720
12:11:42.26	136	ay:2312	14168
12:11:42.26	-940	ay:2480	17232
12:11:42.26	-40	ay:2212	14964
12:11:42.30	256	ay:1572	15348
12:11:42.30	20	ay:2204	14320
12:11:42.30	-920	ay:2532	16636
12:11:42.33	-296	ay:2440	15028
12:11:42.33	-400	ay:2020	15436
12:11:42.36	-240	ay:3288	16924
12:11:42.36	320	ay:1884	15220
12:11:42.39	-212	ay:2352	14812
12:11:42.39	-36	ay:3484	16864
12:11:42.39	-252	ay:2012	15756
12:11:42.43	392	ay:2256	14280
12:11:42.43	120	ay:2888	16156
12:11:42.46	-992	ay:3004	16448
12:11:42.46	-1240	ay:1864	15056
12:11:42.46	236	ay:2808	16512
12:11:42.50	28	ay:2352	15068
12:11:42.50	-216	ay:2136	14864
12:11:42.53	-800	ay:1848	15348
12:11:42.53	-1024	ay:2960	17136
12:11:42.53	488	ay:2552	14848
12:11:42.57	672	ay:3024	15208
12:11:42.57	-696	ay:2344	15924
12:11:42.57	-836	ay:1848	15612
12:11:42.61	48	ay:2336	15104
12:11:42.61	188	ay:2640	16432
12:11:42.65	32	ay:2024	13624
12:11:42.65	-1352	ay:1588	16168
12:11:42.65	-256	ay:2844	14532
12:11:42.68	-348	ay:1920	16264
12:11:42.68	152	ay:2208	14844
12:11:42.68	-700	ay:3140	16812
12:11:42.71	560	ay:2736	13452
12:11:42.71	-520	ay:2152	15484
12:11:42.75	-720	ay:2300	14932
12:11:42.75	440	ay:2244	15128
12:11:42.78	-460	ay:1396	15608
12:11:42.78	-52	ay:3344	16100
12:11:42.78	-440	ay:2616	14472
12:11:42.82	-860	ay:1220	13920
12:11:42.82	-588	ay:2232	16336
12:11:42.85	-200	ay:2236	15684
12:11:42.85	100	ay:2312	14984
12:11:42.85	-284	ay:3068	13912
12:11:42.89	-1104	ay:2020	14692
12:11:42.89	372	ay:2040	15696
12:11:42.89	-76	ay:2584	17420
12:11:42.92	68	ay:3080	15096
12:11:42.92	-1040	ay:2704	18276
12:11:42.95	552	ay:1816	14052
12:11:42.95	-12	ay:2264	14388
12:11:42.99	-712	ay:3804	16260
12:11:42.99	-44	ay:2260	16064
12:11:42.99	-272	ay:2992	14700
12:11:43.02	-512	ay:2980	15356
12:11:43.02	-304	ay:2656	16696
12:11:43.05	124	ay:2944	14732
12:11:43.05	-1356	ay:3056	17100
12:11:43.05	220	ay:3372	15192
12:11:43.09	-864	ay:2136	17688
12:11:43.09	984	ay:3008	14212
12:11:43.12	-724	ay:2980	17416
12:11:43.12	-672	ay:3496	15104
12:11:43.12	-380	ay:1760	15504
12:11:43.16	-356	ay:2900	15416
12:11:43.16	-64	ay:3420	17524
12:11:43.19	-188	ay:2460	15912
12:11:43.19	-804	ay:3100	14924
12:11:43.22	-1176	ay:2516	15140
12:11:43.22	364	ay:2600	15332
12:11:43.22	172	ay:2404	15108
12:11:43.26	-316	ay:3120	14104
12:11:43.26	-1232	ay:2936	14880
12:11:43.29	-796	ay:2324	14904
12:11:43.29	836	ay:2212	13720
12:11:43.29	-684	ay:3044	16232
12:11:43.33	-324	ay:2988	14932
12:11:43.33	-636	ay:1664	15620
12:11:43.33	572	ay:2536	14196
12:11:43.36	488	ay:3428	14060
12:11:43.36	-1124	ay:1980	14972
12:11:43.40	-932	ay:1660	15448
12:11:43.40	-216	ay:3624	15064
12:11:43.43	52	ay:2628	15120
12:11:43.43	-1056	ay:3300	15108
12:11:43.43	-972	ay:2052	15072
12:11:43.46	-148	ay:2624	15148
12:11:43.46	-316	ay:2580	15832
12:11:43.50	-56	ay:3020	14700
12:11:43.50	-1448	ay:2516	17080
12:11:43.50	504	ay:3328	14044
12:11:43.53	160	ay:2932	14520
12:11:43.53	-816	ay:1460	16044
12:11:43.56	-184	ay:2880	15664
12:11:43.56	56	ay:2940	15644
12:11:43.60	-652	ay:3024	16796
12:11:43.60	1236	ay:3208	12088
12:11:43.60	-1828	ay:1680	15084
12:11:43.63	-936	ay:3608	13876
12:11:43.63	-340	ay:2284	16316
12:11:43.63	-548	ay:3024	16504
12:11:43.67	300	ay:3592	15200
12:11:43.67	-768	ay:2864	15744
12:11:43.71	-312	ay:2696	16048
12:11:43.71	-248	ay:2040	15196
12:11:43.71	-140	ay:3536	16140
12:11:43.74	-732	ay:3600	17272
12:11:43.74	172	ay:2156	16160
12:11:43.78	-64	ay:2524	16440
12:11:43.78	-232	ay:3444	15532
12:11:43.78	-1324	ay:4092	15892
12:11:43.81	-240	ay:3160	15944
12:11:43.81	228	ay:1760	14824
12:11:43.81	264	ay:2948	15208
12:11:43.85	-500	ay:3040	15668
12:11:43.85	-1976	ay:2860	16752
12:11:43.88	-1064	ay:1520	14948
12:11:43.88	1304	ay:3472	14512
12:11:43.92	-584	ay:2432	16904
12:11:43.92	-436	ay:2244	15060
12:11:43.92	-472	ay:2372	14760
12:11:43.95	-416	ay:2592	16688
12:11:43.95	404	ay:3100	14732
12:11:43.95	240	ay:2020	15216
12:11:43.98	-692	ay:1760	14932
12:11:43.98	-96	ay:2812	14448
12:11:44.02	-160	ay:2956	16380
12:11:44.02	-116	ay:3292	15964
12:11:44.02	-412	ay:3216	15520
12:11:44.05	-52	ay:1604	14844
12:11:44.05	-672	ay:2532	14372
12:11:44.09	-520	ay:2844	15512
12:11:44.09	-304	ay:3492	16116
12:11:44.09	328	ay:2204	13792
12:11:44.12	-1188	ay:2200	15912
12:11:44.12	192	ay:3356	14504
12:11:44.15	-536	ay:2212	16760
12:11:44.15	-272	ay:2328	15716
12:11:44.19	244	ay:2228	14464
12:11:44.19	-312	ay:2488	15540
12:11:44.19	-808	ay:3572	16248
12:11:44.22	-332	ay:2068	14196
12:11:44.22	-1268	ay:2204	16788
12:11:44.25	-276	ay:3424	16616
12:11:44.25	-44	ay:2544	15668
12:11:44.25	-424	ay:2364	15124
12:11:44.29	-688	ay:2740	16144
12:11:44.29	-580	ay:2536	14816
12:11:44.32	-232	ay:2968	16256
12:11:44.32	624	ay:2540	15560
12:11:44.36	-368	ay:2380	15352
12:11:44.36	-680	ay:1720	15172
12:11:44.36	-1680	ay:3272	16036
12:11:44.40	528	ay:3712	14548
12:11:44.40	-572	ay:1888	16840
12:11:44.40	-360	ay:1252	15056
12:11:44.43	-788	ay:3260	15292
12:11:44.43	-812	ay:2728	15036
12:11:44.47	-1044	ay:2104	17876
12:11:44.47	444	ay:2236	14896
12:11:44.47	132	ay:2196	15244
12:11:44.50	-968	ay:2700	16640
12:11:44.50	-468	ay:2872	15572
12:11:44.50	-792	ay:2208	17264
12:11:44.54	-188	ay:2700	14592
12:11:44.54	136	ay:1604	16776
12:11:44.57	172	ay:2496	14820
12:11:44.57	-632	ay:2820	15248
12:11:44.57	-1232	ay:1588	16648
12:11:44.61	-16	ay:2408	14688
12:11:44.61	264	ay:2476	16320
12:11:44.64	224	ay:3364	15912
12:11:44.64	-276	ay:2260	16004
12:11:44.64	-552	ay:2320	15144
12:11:44.68	-80	ay:2504	15548
12:11:44.68	-172	ay:2804	16436
12:11:44.71	96	ay:2924	15524
12:11:44.71	-316	ay:2636	15772
12:11:44.71	-336	ay:1948	14612
12:11:44.74	612	ay:2268	14768
12:11:44.74	-312	ay:2288	16968
12:11:44.78	344	ay:2812	14932
12:11:44.78	-168	ay:2552	15408
12:11:44.78	-472	ay:1700	15388
12:11:44.82	1240	ay:2424	14528
12:11:44.82	68	ay:3092	16340
12:11:44.82	-76	ay:2652	15572
12:11:44.85	576	ay:1892	16000
12:11:44.85	-144	ay:1724	14952
12:11:44.89	736	ay:2620	15396
12:11:44.89	884	ay:2568	15640
12:11:44.89	-288	ay:1520	17844
12:11:44.93	1392	ay:3216	13960
12:11:44.93	-240	ay:1812	16936
12:11:44.96	460	ay:2648	15816
12:11:44.96	792	ay:1308	15436
12:11:44.96	632	ay:3224	15692
12:11:44.99	760	ay:3404	16932
12:11:44.99	580	ay:1600	16112
12:11:45.03	636	ay:1936	16176
12:11:45.03	728	ay:1680	15272
12:11:45.03	1444	ay:3416	15148
12:11:45.06	60	ay:2748	17792
12:11:45.06	936	ay:2500	14832
12:11:45.10	880	ay:2120	15744
12:11:45.10	628	ay:1688	15828
12:11:45.10	440	ay:2376	15872
12:11:45.13	752	ay:2948	15268
12:11:45.13	296	ay:2424	17096
12:11:45.13	1208	ay:2512	15712
12:11:45.17	560	ay:1928	15736
12:11:45.17	-208	ay:2016	16652
12:11:45.21	472	ay:2940	14324
12:11:45.21	608	ay:2308	15836
12:11:45.21	1160	ay:2156	17020
12:11:45.24	580	ay:2336	16696
12:11:45.24	392	ay:2656	14068
12:11:45.24	-416	ay:2888	16864
12:11:45.28	1104	ay:2152	15024
12:11:45.28	1192	ay:1648	15568
12:11:45.31	200	ay:3016	15892
12:11:45.31	-416	ay:2384	15544
12:11:45.31	-444	ay:2308	16764
12:11:45.35	700	ay:2424	14240
12:11:45.35	400	ay:2468	17020
12:11:45.35	1208	ay:1816	14224
12:11:45.38	-592	ay:2344	15928
12:11:45.38	108	ay:2664	15884
12:11:45.42	988	ay:2544	16096
12:11:45.42	1072	ay:2168	15100
12:11:45.45	-100	ay:2632	15304
12:11:45.45	360	ay:2876	14616
12:11:45.45	576	ay:2512	16136
12:11:45.49	748	ay:1448	16648
12:11:45.49	588	ay:2212	15888
12:11:45.52	724	ay:3700	15144
12:11:45.52	520	ay:2224	15804
12:11:45.52	876	ay:1548	14832
12:11:45.56	520	ay:2180	15448
12:11:45.56	656	ay:2288	15700
12:11:45.56	36	ay:2412	16180
12:11:45.59	956	ay:2836	14904
12:11:45.59	1044	ay:2008	16764
12:11:45.63	1768	ay:2276	14456
12:11:45.63	-232	ay:2676	16888
12:11:45.63	1372	ay:3092	15912
12:11:45.67	964	ay:1844	15180
12:11:45.67	1056	ay:2340	15864
12:11:45.67	956	ay:2296	16036
12:11:45.70	532	ay:2248	15344
12:11:45.70	756	ay:2580	17224
12:11:45.74	1200	ay:1908	15648
12:11:45.74	1048	ay:2492	15056
12:11:45.74	1156	ay:2804	15820
12:11:45.77	680	ay:2368	18156
12:11:45.77	1468	ay:2136	14496
12:11:45.80	836	ay:1452	16024
12:11:45.80	1580	ay:2492	15868
12:11:45.84	1264	ay:2336	16060
12:11:45.84	940	ay:3216	15480
12:11:45.84	1568	ay:2616	16672
12:11:45.87	608	ay:2332	16108
12:11:45.87	1804	ay:2224	13840
12:11:45.87	952	ay:2016	16488
12:11:45.91	764	ay:2496	16300
12:11:45.91	1240	ay:3128	14996
12:11:45.94	1300	ay:2548	15992
12:11:45.94	516	ay:2180	17028
12:11:45.94	1464	ay:2044	15088
12:11:45.97	836	ay:2604	16004
12:11:45.97	1456	ay:2508	15720
12:11:46.01	-108	ay:1136	17028
12:11:46.01	1280	ay:2684	15200
12:11:46.01	636	ay:2644	16708
12:11:46.04	612	ay:2212	17200
12:11:46.04	1344	ay:3028	15316
12:11:46.08	1260	ay:2376	15544
12:11:46.08	1112	ay:2356	16136
12:11:46.08	908	ay:2056	15764
12:11:46.11	1044	ay:2928	15356
12:11:46.11	1340	ay:2124	14920
12:11:46.15	704	ay:2596	16944
12:11:46.15	1340	ay:2180	13960
12:11:46.15	656	ay:2360	17504
12:11:46.18	2624	ay:2568	16104
12:11:46.18	1820	ay:2396	16320
12:11:46.22	832	ay:2048	16204
12:11:46.22	1552	ay:2244	14916
12:11:46.22	1504	ay:2676	16276
12:11:46.25	2256	ay:2612	15436
12:11:46.25	1344	ay:2816	15936
12:11:46.25	624	ay:2144	16064
12:11:46.29	1108	ay:2700	15692
12:11:46.29	1952	ay:2760	15344
12:11:46.32	1200	ay:3028	16288
12:11:46.32	1740	ay:2612	15448
12:11:46.36	1444	ay:1928	15728
12:11:46.36	1668	ay:1864	15496
12:11:46.36	1240	ay:3168	16332
12:11:46.39	1648	ay:2288	15508
12:11:46.39	1440	ay:2004	15904
12:11:46.42	2160	ay:2472	15196
12:11:46.42	1352	ay:1204	15460
12:11:46.42	1388	ay:2780	15076
12:11:46.46	2008	ay:2920	16332
12:11:46.46	2492	ay:1816	15724
12:11:46.49	1392	ay:1912	16136
12:11:46.49	1072	ay:2996	17808
12:11:46.52	2528	ay:2312	14980
12:11:46.52	1188	ay:1584	16584
12:11:46.52	772	ay:3052	16376
12:11:46.55	1336	ay:2568	14400
12:11:46.55	720	ay:1200	17180
12:11:46.59	1272	ay:3488	16120
12:11:46.59	1552	ay:3092	17844
12:11:46.62	932	ay:-468	13688
12:11:46.62	616	ay:4660	15444
12:11:46.62	1044	ay:3312	19252
12:11:46.66	1312	ay:-444	13720
12:11:46.66	1236	ay:2672	14916
12:11:46.69	1352	ay:3268	16484
12:11:46.69	344	ay:2712	17124
12:11:46.69	1964	ay:2236	16100
12:11:46.73	388	ay:1460	14592
12:11:46.73	936	ay:2444	14844
12:11:46.73	1060	ay:2132	17300
12:11:46.76	828	ay:1336	16760
12:11:46.76	812	ay:2336	14612
12:11:46.80	720	ay:3736	15308
12:11:46.80	1764	ay:1948	16648
12:11:46.80	1028	ay:1492	14776
12:11:46.83	704	ay:2364	15044
12:11:46.83	460	ay:2496	16772
12:11:46.86	1452	ay:1696	15532
12:11:46.86	440	ay:2768	16468
12:11:46.90	696	ay:2752	14492
12:11:46.90	-96	ay:1920	15912
12:11:46.90	-924	ay:2000	15960
12:11:46.94	956	ay:2448	15940
12:11:46.94	416	ay:2196	13656
12:11:46.94	-644	ay:3124	16984
12:11:46.97	-1140	ay:2216	16644
12:11:46.97	404	ay:1976	14184
12:11:47.00	1056	ay:2428	14928
12:11:47.00	-1012	ay:2228	14160
12:11:47.04	-616	ay:2548	15156
12:11:47.04	-1084	ay:252	14980
12:11:47.04	472	ay:2236	14408
12:11:47.08	-108	ay:1896	15616
12:11:47.08	-1416	ay:2680	14624
12:11:47.11	280	ay:2276	13352
12:11:47.11	-816	ay:1620	17100
12:11:47.11	472	ay:1856	15076
12:11:47.15	-1484	ay:3804	16464
12:11:47.15	-548	ay:2976	14600
12:11:47.15	-684	ay:1400	16972
12:11:47.18	-440	ay:2648	15708
12:11:47.18	-636	ay:2800	16408
12:11:47.22	-1756	ay:2504	16452
12:11:47.22	-632	ay:3012	14952
12:11:47.25	-500	ay:2072	17228
12:11:47.25	-664	ay:1756	16708
12:11:47.25	-212	ay:2220	15460
12:11:47.29	-1864	ay:2200	16364
12:11:47.29	-1196	ay:2008	15464
12:11:47.29	-496	ay:2220	15940
12:11:47.33	-384	ay:2040	15816
12:11:47.33	-996	ay:796	16240
12:11:47.36	-1840	ay:3316	15428
12:11:47.36	-1280	ay:2368	14996
12:11:47.36	-1428	ay:1808	15984
12:11:47.40	-968	ay:3460	14168
12:11:47.40	-1852	ay:2184	15900
12:11:47.43	-2192	ay:1728	15388
12:11:47.43	-1812	ay:2716	16132
12:11:47.43	-1344	ay:2276	13408
12:11:47.47	-1464	ay:2584	14532
12:11:47.47	-2160	ay:1560	15488
12:11:47.47	-2776	ay:1704	15832
12:11:47.50	-1600	ay:3492	15328
12:11:47.50	-1792	ay:2160	15164
12:11:47.54	-2020	ay:2748	15400
12:11:47.54	-2064	ay:1340	15516
12:11:47.54	-1296	ay:1404	14764
12:11:47.57	-2832	ay:2192	16688
12:11:47.57	-1696	ay:1928	15624
12:11:47.61	-2344	ay:804	14588
12:11:47.61	-1352	ay:2800	16428
12:11:47.64	-2016	ay:1152	17208
12:11:47.64	-1256	ay:1748	13260
12:11:47.64	-2480	ay:1920	15344
12:11:47.68	-1744	ay:1136	14788
12:11:47.68	-2436	ay:2040	16320
12:11:47.68	-1560	ay:2704	15188
12:11:47.71	-2544	ay:1548	15648
12:11:47.71	-2244	ay:2928	15932
12:11:47.75	-1508	ay:2388	14724
12:11:47.75	-2112	ay:2000	15776
12:11:47.75	-1744	ay:2036	14120
12:11:47.79	-2648	ay:1452	15360
12:11:47.79	-3248	ay:1180	15180
12:11:47.79	-2636	ay:2172	16252
12:11:47.82	-2192	ay:1268	16432
12:11:47.82	-1996	ay:2132	15916
12:11:47.85	-2176	ay:2072	15056
12:11:47.85	-2860	ay:1388	15152
12:11:47.89	-1868	ay:600	15016
12:11:47.89	-2580	ay:880	17280
12:11:47.89	-2432	ay:1652	15488
12:11:47.92	-2740	ay:524	16308
12:11:47.92	-3084	ay:876	16944
12:11:47.95	-1148	ay:2144	16132
12:11:47.95	-2068	ay:1180	16104
12:11:47.95	-1860	ay:1904	15408
12:11:47.99	-2484	ay:1336	15068
12:11:47.99	-2796	ay:580	15572
12:11:48.02	-1896	ay:656	17112
12:11:48.02	-2360	ay:1684	14976
12:11:48.02	-2836	ay:1888	14728
12:11:48.06	-2628	ay:356	16384
12:11:48.06	-1952	ay:1240	14032
12:11:48.10	-2548	ay:1372	15540
12:11:48.10	-3648	ay:900	15328
12:11:48.10	-2272	ay:996	15388
12:11:48.13	-1992	ay:1000	14856
12:11:48.13	-1864	ay:1212	15580
12:11:48.16	-1516	ay:1252	15032
12:11:48.16	-2324	ay:728	16188
12:11:48.16	-2588	ay:1696	15008
12:11:48.20	-2052	ay:516	15660
12:11:48.20	-1580	ay:1648	16384
12:11:48.20	-1640	ay:1660	14808
12:11:48.23	-2744	ay:512	16872
12:11:48.23	-2780	ay:1552	15560
12:11:48.27	-1932	ay:1040	15828
12:11:48.27	-1260	ay:756	15760
12:11:48.27	-2012	ay:1084	15948
12:11:48.31	-2600	ay:1772	16068
12:11:48.31	-2620	ay:1328	15420
12:11:48.31	-2184	ay:488	15504
12:11:48.34	-2896	ay:580	17368
12:11:48.34	-1736	ay:2224	14496
12:11:48.38	-2680	ay:708	14516
12:11:48.38	-2296	ay:848	17188
12:11:48.41	-3020	ay:1712	16284
12:11:48.41	-1588	ay:1572	13120
12:11:48.41	-3292	ay:504	16840
12:11:48.45	-1084	ay:1256	14940
12:11:48.45	-2428	ay:1108	16024
12:11:48.45	-1876	ay:1444	16960
12:11:48.48	-1736	ay:1188	15216
12:11:48.48	-1104	ay:1300	14628
12:11:48.52	-3020	ay:452	17508
12:11:48.52	-1892	ay:1080	15412
12:11:48.52	-2048	ay:796	15412
12:11:48.55	-2132	ay:1004	16272
12:11:48.55	-2028	ay:1796	15604
12:11:48.59	-2316	ay:1228	15256
12:11:48.59	-2972	ay:2116	17012
12:11:48.59	-1064	ay:684	13416
12:11:48.62	-2988	ay:244	17836
12:11:48.62	-1144	ay:2260	14696
12:11:48.65	-1592	ay:1224	16424
12:11:48.65	-2716	ay:536	16704
12:11:48.69	-64	ay:1380	13216
12:11:48.69	-3252	ay:824	17852
12:11:48.69	-1460	ay:1660	14640
12:11:48.72	-2404	ay:356	16684
12:11:48.72	-1704	ay:984	16084
12:11:48.76	-1528	ay:1544	15592
12:11:48.76	-3016	ay:1396	16900
12:11:48.76	-1992	ay:944	13740
12:11:48.79	-3312	ay:368	17524
12:11:48.79	-172	ay:1032	12956
12:11:48.82	-2452	ay:1012	18928
12:11:48.82	-1784	ay:836	14892
12:11:48.82	-2192	ay:656	16932
12:11:48.86	-1704	ay:180	15524
12:11:48.86	-2452	ay:1316	16700
12:11:48.86	-1240	ay:624	14668
12:11:48.89	-2568	ay:536	16684
12:11:48.89	-2288	ay:936	15536
12:11:48.93	-1644	ay:468	15436
12:11:48.93	-2136	ay:320	16992
12:11:48.93	-748	ay:2128	13736
12:11:48.96	-2348	ay:172	16196
12:11:48.96	-1928	ay:228	15412
12:11:48.99	-1296	ay:232	15800
12:11:48.99	-1152	ay:372	14456
12:11:49.02	-1996	ay:476	15920
12:11:49.02	-2816	ay:-204	16264
12:11:49.02	-1480	ay:-608	15700
12:11:49.06	-1548	ay:-656	15728
12:11:49.06	-1956	ay:812	15912
12:11:49.09	-2452	ay:236	15684
12:11:49.09	-2812	ay:-484	17160
12:11:49.09	-1320	ay:-24	15816
12:11:49.13	-2448	ay:220	17624
12:11:49.13	-1708	ay:-252	15532
12:11:49.16	-2636	ay:48	17020
12:11:49.16	-1460	ay:264	15088
12:11:49.16	-2032	ay:-616	17128
12:11:49.20	-2052	ay:-336	15160
12:11:49.20	-2252	ay:-284	17288
12:11:49.20	-1504	ay:-1032	16508
12:11:49.24	-2472	ay:364	17292
12:11:49.24	-1324	ay:776	15432
12:11:49.27	-2824	ay:-576	17240
12:11:49.27	-744	ay:-532	15328
12:11:49.27	-2648	ay:-644	17388
12:11:49.31	-2028	ay:-492	15532
12:11:49.31	-2076	ay:-580	16480
12:11:49.34	-1440	ay:116	16076
12:11:49.34	-1620	ay:-1076	16800
12:11:49.34	-1060	ay:-1148	13928
12:11:49.37	-2004	ay:-988	16616
12:11:49.37	-1392	ay:472	15268
12:11:49.41	-1888	ay:-676	14712
12:11:49.41	-1772	ay:-1056	16820
12:11:49.41	-612	ay:-700	14424
12:11:49.44	-1992	ay:-972	16504
12:11:49.44	-2160	ay:-528	16128
12:11:49.48	-1624	ay:-604	15992
12:11:49.48	-944	ay:-532	15812
12:11:49.51	-1420	ay:-1280	16284
12:11:49.51	-1644	ay:-284	16668
12:11:49.51	-1112	ay:-416	15556
12:11:49.55	-808	ay:-512	16192
12:11:49.55	-1240	ay:-524	17144
12:11:49.55	-292	ay:28	15192
12:11:49.58	-1104	ay:-176	17212
12:11:49.58	-1024	ay:-456	15832
12:11:49.61	-1240	ay:-708	16664
12:11:49.61	-648	ay:-260	16344
12:11:49.61	-720	ay:-1028	16248
12:11:49.65	-1068	ay:-832	16428
12:11:49.65	-848	ay:-508	15600
12:11:49.68	-1240	ay:-728	18796
12:11:49.68	352	ay:-832	15420
12:11:49.72	-1004	ay:-460	16784
12:11:49.72	-680	ay:-560	16436
12:11:49.72	-1396	ay:-1092	17352
12:11:49.75	-980	ay:-836	15556
12:11:49.75	-1148	ay:-536	16268
12:11:49.75	-376	ay:-788	15616
12:11:49.79	-1640	ay:-1436	16624
12:11:49.79	-616	ay:-584	16280
12:11:49.82	-1196	ay:-432	17160
12:11:49.82	-444	ay:-1240	15440
12:11:49.86	-1688	ay:-868	18624
12:11:49.86	-1044	ay:-776	14756
12:11:49.86	-1548	ay:-1696	16492
12:11:49.89	-1652	ay:-580	16912
12:11:49.89	-1100	ay:-460	14948
12:11:49.92	-2024	ay:-1052	17000
12:11:49.92	-940	ay:-1172	15784
12:11:49.96	-2256	ay:-1380	16364
12:11:49.96	-1316	ay:-1644	15596
12:11:49.96	-2276	ay:-988	17432
12:11:49.99	-1288	ay:-968	16524
12:11:49.99	-1796	ay:-1816	15416
12:11:50.02	-1756	ay:-1744	16412
12:11:50.02	-1828	ay:-1104	16748
12:11:50.06	-1256	ay:-1092	15844
12:11:50.06	-1572	ay:-1708	16216
12:11:50.06	-1520	ay:-1828	15212
12:11:50.09	-2028	ay:-1188	15936
12:11:50.09	-2064	ay:-796	15812
12:11:50.13	-2236	ay:-1528	16952
12:11:50.13	-1264	ay:-1304	13956
12:11:50.13	-2332	ay:-1308	17060
12:11:50.16	-2084	ay:-812	15220
12:11:50.16	-2256	ay:-1212	16684
12:11:50.19	-1624	ay:-1500	16272
12:11:50.19	-1644	ay:-980	15324
12:11:50.22	-2408	ay:-1392	16608
12:11:50.22	-1408	ay:-988	15984
12:11:50.22	-1508	ay:-1472	16908
12:11:50.26	-1816	ay:-1132	16480
12:11:50.26	-1772	ay:-1316	15988
12:11:50.30	-1760	ay:-1064	16052
12:11:50.30	-2256	ay:-908	16748
12:11:50.30	-1644	ay:-2108	16616
12:11:50.33	-1368	ay:-1280	17544
12:11:50.33	-1168	ay:-364	14892
12:11:50.37	-1952	ay:-1360	16452
12:11:50.37	-2452	ay:-1252	16848
12:11:50.37	-1048	ay:-1260	16592
12:11:50.40	-1912	ay:-1268	16820
12:11:50.40	-2476	ay:-204	16584
12:11:50.44	-1708	ay:-1640	15888
12:11:50.44	-2984	ay:-1508	18104
12:11:50.44	-852	ay:-128	15660
12:11:50.47	-1708	ay:-1884	16748
12:11:50.47	-2048	ay:-1132	17324
12:11:50.47	-1504	ay:-1184	15912
12:11:50.50	-1748	ay:-1664	15460
12:11:50.50	-1424	ay:-804	17300
12:11:50.54	-2056	ay:-1596	16392
12:11:50.54	-1404	ay:-1568	16252
12:11:50.57	-1384	ay:-1100	14976
12:11:50.57	-1628	ay:-1216	16440
12:11:50.57	-1496	ay:-1384	16168
12:11:50.61	-1100	ay:-1208	15804
12:11:50.61	-1232	ay:-1464	16444
12:11:50.65	-1808	ay:-1756	15764
12:11:50.65	-1744	ay:-656	16100
12:11:50.65	-1108	ay:-1512	16512
12:11:50.68	-1732	ay:-1028	16748
12:11:50.68	-936	ay:-1516	14376
12:11:50.68	-2488	ay:-1428	17564
12:11:50.71	-984	ay:-360	15520
12:11:50.71	-1660	ay:-1224	17432
12:11:50.75	-1412	ay:-596	15548
12:11:50.75	-1188	ay:-488	16096
12:11:50.78	-1760	ay:-720	16312
12:11:50.78	-1572	ay:-344	15608
12:11:50.78	-1492	ay:-208	15800
12:11:50.82	-1152	ay:128	15664
12:11:50.82	-2132	ay:236	16364
12:11:50.85	-1472	ay:1052	15224
12:11:50.85	-2084	ay:1056	16636
12:11:50.85	-988	ay:1036	15180
12:11:50.88	-2136	ay:936	16548
12:11:50.88	-1616	ay:1332	14672
12:11:50.92	-1144	ay:1416	16020
12:11:50.92	-1508	ay:1212	15452
12:11:50.92	-1416	ay:1428	15176
12:11:50.92	-1404	ay:1364	15936
12:11:50.95	-1508	ay:1400	15612
12:11:50.95	-1536	ay:1476	16056
12:11:50.99	-1224	ay:1148	15300
12:11:50.99	-1816	ay:1292	15768
12:11:51.02	-1764	ay:1300	16288
12:11:51.02	-1712	ay:1392	15292
12:11:51.02	-1700	ay:1992	16332
12:11:51.06	-1772	ay:1432	15976
12:11:51.06	-1308	ay:1580	15296
12:11:51.06	-1676	ay:1292	16440
12:11:51.10	-1588	ay:1236	15860
12:11:51.10	-1128	ay:2120	15924
12:11:51.13	-1868	ay:1444	15600
12:11:51.13	-1616	ay:1204	15912
12:11:51.13	-1428	ay:1044	16024
12:11:51.13	-1204	ay:1336	15948
12:11:51.17	-1416	ay:1624	15640
12:11:51.20	-1956	ay:1764	16092
12:11:51.20	-1280	ay:1212	15420
12:11:51.20	-1744	ay:1208	16036
12:11:51.24	-900	ay:1508	14840
12:11:51.24	-2012	ay:1080	17148
12:11:51.24	-1760	ay:1820	14680
12:11:51.27	-1612	ay:1064	16276
12:11:51.27	-1408	ay:988	15688
12:11:51.31	-1440	ay:1412	15504
12:11:51.31	-1732	ay:1420	16008
12:11:51.31	-2000	ay:1092	15252
12:11:51.34	-1612	ay:1432	15708
12:11:51.34	-564	ay:1224	14632
12:11:51.37	-1816	ay:988	16872
12:11:51.37	-1500	ay:1780	14812
12:11:51.37	-1600	ay:1276	16692
12:11:51.41	-1332	ay:1452	15140
12:11:51.41	-1196	ay:1316	16012
12:11:51.41	-984	ay:1444	15464
12:11:51.44	-1664	ay:1540	16156
12:11:51.44	-1884	ay:1776	15680
12:11:51.48	-1388	ay:1720	15108
12:11:51.48	-1216	ay:2016	15640
12:11:51.48	-660	ay:1792	15848
12:11:51.51	-1940	ay:1912	16184
12:11:51.51	-1272	ay:2444	14484
12:11:51.54	-1500	ay:1824	16288
12:11:51.54	-812	ay:2068	15424
12:11:51.54	-1548	ay:1952	16204
12:11:51.58	-1296	ay:2228	14496
12:11:51.58	-1908	ay:1868	16860
12:11:51.62	-1256	ay:2376	15376
12:11:51.62	-1016	ay:1944	15760
12:11:51.62	-1188	ay:2000	15164
12:11:51.65	-1808	ay:2196	15848
12:11:51.65	-1808	ay:1996	15956
12:11:51.68	-1436	ay:2120	15576
12:11:51.68	-1128	ay:2252	15700
12:11:51.72	-1044	ay:1720	15304
12:11:51.72	-2120	ay:2224	16044
12:11:51.72	-1588	ay:2232	14704
12:11:51.75	-1676	ay:1848	16004
12:11:51.75	-932	ay:1800	15640
12:11:51.75	-1192	ay:1772	15204
12:11:51.79	-2076	ay:2092	15968
12:11:51.79	-1532	ay:2136	15440
12:11:51.79	-1464	ay:1596	16156
12:11:51.83	-1048	ay:1520	15504
12:11:51.83	-1604	ay:1536	16596
12:11:51.87	-1680	ay:1712	15124
12:11:51.87	-2524	ay:1720	16476
12:11:51.87	-1212	ay:1148	15920
12:11:51.90	-716	ay:1384	15212
12:11:51.90	-1868	ay:1276	16576
12:11:51.93	-1764	ay:1392	15760
12:11:51.93	-2048	ay:832	15884
12:11:51.93	-976	ay:1268	15356
12:11:51.97	-764	ay:1116	15788
12:11:51.97	-1680	ay:1248	16188
12:11:52.00	-2160	ay:1704	15232
12:11:52.00	-1428	ay:616	15992
12:11:52.00	-968	ay:760	16356
12:11:52.04	-1312	ay:1288	15896
12:11:52.04	-1852	ay:964	16040
12:11:52.07	-1964	ay:1300	16208
12:11:52.07	-1088	ay:1112	15300
12:11:52.07	-1016	ay:944	16632
12:11:52.11	-720	ay:1160	14884
12:11:52.11	-2008	ay:920	16568
12:11:52.11	-1620	ay:1128	15580
12:11:52.14	-1064	ay:1100	15616
12:11:52.14	-1448	ay:772	16392
12:11:52.18	-764	ay:948	15488
12:11:52.18	-2068	ay:820	16472
12:11:52.22	-1240	ay:1248	15512
12:11:52.22	-1204	ay:748	16100
12:11:52.22	-1308	ay:828	16252
12:11:52.25	-1184	ay:1072	15592
12:11:52.25	-1888	ay:780	16052
12:11:52.25	-1684	ay:896	16160
12:11:52.28	-800	ay:592	15496
12:11:52.28	-1320	ay:616	15620
12:11:52.32	-1636	ay:768	16168
12:11:52.32	-1880	ay:836	15916
12:11:52.32	-1916	ay:836	15552
12:11:52.35	-1232	ay:908	15816
12:11:52.35	-1016	ay:384	15792
12:11:52.39	-1404	ay:856	15740
12:11:52.39	-1780	ay:944	15676
12:11:52.39	-1568	ay:704	15936
12:11:52.42	-1084	ay:732	15624
12:11:52.42	-1152	ay:688	16124
12:11:52.46	-1488	ay:888	16044
12:11:52.46	-1628	ay:880	15364
12:11:52.46	-1904	ay:512	16356
12:11:52.49	-844	ay:480	15936
12:11:52.49	-1352	ay:608	15844
12:11:52.53	-1860	ay:776	16096
12:11:52.53	-1660	ay:556	16204
12:11:52.53	-1204	ay:472	15644
12:11:52.56	-1112	ay:528	16284
12:11:52.56	-944	ay:540	15740
12:11:52.60	-1744	ay:620	16144
12:11:52.60	-1520	ay:548	15868
12:11:52.60	-1304	ay:420	16220
12:11:52.63	-1164	ay:420	15700
12:11:52.63	-1532	ay:536	16424
12:11:52.63	-1692	ay:380	16112
12:11:52.67	-1584	ay:448	15908
12:11:52.67	-1436	ay:392	16172
12:11:52.70	-1096	ay:304	15676
12:11:52.70	-1632	ay:280	15968
12:11:52.74	-1584	ay:456	15960
12:11:52.74	-1556	ay:452	16160
12:11:52.74	-1396	ay:352	15684
12:11:52.74	-1404	ay:436	16188
12:11:52.78	-1224	ay:276	15704
12:11:52.78	-1784	ay:184	16156
12:11:52.81	-1540	ay:320	16036
12:11:52.81	-1276	ay:252	15872
12:11:52.81	-1364	ay:524	16060
12:11:52.85	-1124	ay:384	15608
12:11:52.85	-1752	ay:104	16536
12:11:52.88	-1372	ay:280	15652
12:11:52.88	-1456	ay:180	16284
12:11:52.88	-1028	ay:100	15924
12:11:52.92	-1496	ay:108	16024
12:11:52.92	-1572	ay:248	16280
12:11:52.96	-1360	ay:60	16236
12:11:52.96	-1376	ay:-328	16036
12:11:52.96	-1368	ay:364	16332
12:11:52.99	-1404	ay:1300	15948
12:11:52.99	-1332	ay:2060	15504
12:11:52.99	-1764	ay:2704	16428
12:11:53.02	-1116	ay:3392	15396
12:11:53.02	-1616	ay:3868	15988
12:11:53.06	-1440	ay:4192	15544
12:11:53.06	-1940	ay:4516	15836
12:11:53.06	-1480	ay:4332	14664
12:11:53.09	-1680	ay:4276	15540
12:11:53.09	-1088	ay:4972	14744
12:11:53.13	-1460	ay:5008	14880
12:11:53.13	-1356	ay:5004	15088
12:11:53.16	-1308	ay:4284	15200
12:11:53.16	-1332	ay:4320	14668
12:11:53.16	-1580	ay:4008	15260
12:11:53.20	-1536	ay:3788	15172
12:11:53.20	-1644	ay:3504	14536
12:11:53.20	-1392	ay:2936	15184
12:11:53.23	-864	ay:2612	14896
12:11:53.23	-1468	ay:2688	14852
12:11:53.27	-1680	ay:2300	15264
12:11:53.27	-1516	ay:1900	15024
12:11:53.27	-1604	ay:1984	15024
12:11:53.30	-1260	ay:2276	15592
12:11:53.30	-1216	ay:2472	15336
12:11:53.34	-1520	ay:2844	15440
12:11:53.34	-1276	ay:2872	15672
12:11:53.34	-1148	ay:3148	15512
12:11:53.37	-1536	ay:3408	15740
12:11:53.37	-1668	ay:3824	15944
12:11:53.41	-1472	ay:3736	15628
12:11:53.41	-1664	ay:3808	15648
12:11:53.41	-1264	ay:4112	15860
12:11:53.44	-1376	ay:4064	15808
12:11:53.44	-1624	ay:3996	15464
12:11:53.48	-1368	ay:3744	15668
12:11:53.48	-1268	ay:3452	15528
12:11:53.48	-1464	ay:3384	15360
12:11:53.52	-1684	ay:3180	15756
12:11:53.52	-1376	ay:2884	15276
12:11:53.55	-1456	ay:2912	15160
12:11:53.55	-1272	ay:2776	15460
12:11:53.55	-1300	ay:2676	15208
12:11:53.58	-1704	ay:2636	15040
12:11:53.58	-1668	ay:2720	15432
12:11:53.62	-1256	ay:2572	15120
12:11:53.62	-1540	ay:2868	15312
12:11:53.62	-1420	ay:3052	15388
12:11:53.65	-1264	ay:3176	15192
12:11:53.65	-1528	ay:3328	15548
12:11:53.68	-1476	ay:3488	15432
12:11:53.68	-1264	ay:3692	15440
12:11:53.72	-1532	ay:3632	15500
12:11:53.72	-1556	ay:3764	15436
12:11:53.72	-1276	ay:3652	15584
12:11:53.76	-1592	ay:3648	15684
12:11:53.76	-1512	ay:3624	15248
12:11:53.76	-1456	ay:3472	15688
12:11:53.79	-1440	ay:3272	15364
12:11:53.79	-1440	ay:3116	15196
12:11:53.82	-1380	ay:3004	15584
12:11:53.82	-1320	ay:3048	15352
12:11:53.82	-1636	ay:2820	15140
12:11:53.86	-1488	ay:2912	15400
12:11:53.86	-1220	ay:2948	15144
12:11:53.89	-1556	ay:2900	15332
12:11:53.89	-1480	ay:3120	15340
12:11:53.92	-1356	ay:3020	15272
12:11:53.92	-1620	ay:3128	15336
12:11:53.92	-1388	ay:3312	15540
12:11:53.96	-1400	ay:3332	15480
12:11:53.96	-1616	ay:3384	15436
12:11:53.99	-1444	ay:3268	15496
12:11:53.99	-1208	ay:3384	15372
12:11:53.99	-1616	ay:3480	15672
12:11:54.03	-1516	ay:3564	15288
12:11:54.03	-1544	ay:3384	15512
12:11:54.03	-1316	ay:3408	15312
12:11:54.07	-1456	ay:3256	15376
12:11:54.07	-1668	ay:3036	15964
12:11:54.10	-968	ay:3236	14420
12:11:54.10	-1964	ay:3116	16060
12:11:54.10	-1104	ay:3144	14780
12:11:54.14	-1220	ay:3052	15064
12:11:54.14	-1736	ay:3116	15832
12:11:54.14	-1356	ay:3264	14700
12:11:54.17	-1388	ay:2996	15764
12:11:54.17	-1564	ay:3196	15212
12:11:54.21	-1484	ay:3404	15184
12:11:54.21	-1180	ay:3256	15476
12:11:54.21	-1624	ay:3264	15636
12:11:54.24	-1512	ay:3304	15384
12:11:54.24	-1288	ay:3228	15712
12:11:54.27	-1548	ay:3332	15592
12:11:54.27	-1528	ay:3344	15412
12:11:54.31	-1400	ay:3344	15764
12:11:54.31	-1408	ay:3236	15296
12:11:54.31	-1700	ay:3332	15564
12:11:54.34	-1200	ay:3404	15236
12:11:54.34	-1636	ay:3132	15436
12:11:54.37	-1568	ay:3252	15380
12:11:54.37	-1324	ay:3088	15436
12:11:54.37	-1556	ay:3136	15352
12:11:54.41	-1328	ay:3096	15304
12:11:54.41	-1416	ay:2984	15556
12:11:54.41	-1488	ay:3080	15340
12:11:54.45	-1548	ay:3008	15276
12:11:54.45	-1312	ay:3064	15556
12:11:54.48	-1512	ay:2960	15288
12:11:54.48	-1700	ay:3116	15068
12:11:54.48	-1704	ay:3144	15404
12:11:54.52	-1472	ay:3256	15032
12:11:54.52	-1568	ay:3332	15148
12:11:54.55	-1428	ay:3460	15392
12:11:54.55	-1192	ay:3476	15156
12:11:54.55	-1480	ay:3380	15276
12:11:54.59	-1536	ay:3420	15660
12:11:54.59	-576	ay:2912	13072
12:11:54.63	-1720	ay:3056	15124
12:11:54.63	-920	ay:3972	14304
12:11:54.63	-1192	ay:3152	14952
12:11:54.66	-1528	ay:3460	15108
12:11:54.66	-1124	ay:3432	15784
12:11:54.69	-1716	ay:4000	16208
12:11:54.69	-1272	ay:2960	15460
12:11:54.73	-1220	ay:3252	14780
12:11:54.73	-1236	ay:2776	15224
12:11:54.73	-1132	ay:2616	15300
12:11:54.76	-1508	ay:2692	15080
12:11:54.76	-1652	ay:2768	14960
12:11:54.76	-1464	ay:2920	15436
12:11:54.79	-1396	ay:2852	15096
12:11:54.79	-1636	ay:3156	15556
12:11:54.83	-1832	ay:3368	15332
12:11:54.83	-1816	ay:3388	15492
12:11:54.83	-1676	ay:3448	15388
12:11:54.87	-1420	ay:3464	15124
12:11:54.87	-1492	ay:3452	15868
12:11:54.87	-1572	ay:3480	14844
12:11:54.90	-1572	ay:3388	14820
12:11:54.90	-2112	ay:3220	15220
12:11:54.94	-1368	ay:2928	15292
12:11:54.94	-972	ay:3164	15516
12:11:54.97	-2036	ay:3016	15132
12:11:54.97	-1948	ay:3208	15396
12:11:54.97	-1144	ay:3124	14980
12:11:55.01	-892	ay:2640	15220
12:11:55.01	-1400	ay:2996	15404
12:11:55.01	-1944	ay:3004	15304
12:11:55.04	-1728	ay:3124	15328
12:11:55.04	-1360	ay:3088	15644
12:11:55.07	-1168	ay:3120	15360
12:11:55.07	-1472	ay:3164	15332
12:11:55.11	-1952	ay:3388	15700
12:11:55.11	-1356	ay:3336	15492
12:11:55.11	-1600	ay:3120	15664
12:11:55.14	-1516	ay:3408	15648
12:11:55.17	-1732	ay:3344	15172
12:11:55.17	-1756	ay:3284	15392
12:11:55.17	-1588	ay:3192	15504
12:11:55.21	-1236	ay:3280	15220
12:11:55.21	-1664	ay:3284	15524
12:11:55.21	-2024	ay:3456	15292
12:11:55.24	-1176	ay:2908	14388
12:11:55.24	-1844	ay:3176	16548
12:11:55.28	-1000	ay:2812	14896
12:11:55.28	-1752	ay:3108	15264
12:11:55.28	-1780	ay:3100	15468
12:11:55.31	-1292	ay:3324	14960
12:11:55.31	-1344	ay:2972	15728
12:11:55.35	-1684	ay:3232	15428
12:11:55.35	-1736	ay:3312	15384
12:11:55.35	-1540	ay:3180	15768
12:11:55.38	-1244	ay:3260	15508
12:11:55.38	-1616	ay:3104	15388
12:11:55.42	-1636	ay:3348	15488
12:11:55.42	-1608	ay:3288	15472
12:11:55.42	-1528	ay:3264	15272
12:11:55.45	-1592	ay:3280	15500
12:11:55.45	-1520	ay:3300	15352
12:11:55.48	-1704	ay:3332	15164
12:11:55.48	-1640	ay:3288	15356
12:11:55.52	-1428	ay:3172	15432
12:11:55.52	-1620	ay:3104	15028
12:11:55.52	-1732	ay:3180	15540
12:11:55.55	-1532	ay:3200	15244
12:11:55.55	-1476	ay:3232	15056
12:11:55.58	-1644	ay:3400	15448
12:11:55.58	-1556	ay:3268	15328
12:11:55.58	-1636	ay:3192	15424
12:11:55.62	-1544	ay:3308	15448
12:11:55.62	-1320	ay:3176	15428
12:11:55.65	-1596	ay:3180	15364
12:11:55.65	-1780	ay:3288	15400
12:11:55.65	-1364	ay:3256	15372
12:11:55.68	-1604	ay:2936	15592
12:11:55.68	-1632	ay:3424	15512
12:11:55.72	-1444	ay:3160	15428
12:11:55.72	-1476	ay:3004	15508
