time	ax	ay	az	gx	gy	gz
12:03:10.77	-192	2640	15132	-14	329	-306
12:03:10.77	1212	3240	15348	-53	431	-136
12:03:10.77	104	3184	15320	174	-94	-157
12:03:10.81	708	3280	14412	177	274	-180
12:03:10.81	796	3180	15352	-82	37	-132
12:03:10.84	160	3084	14484	247	44	-223
12:03:10.84	576	3108	14528	150	479	-246
12:03:10.84	212	3032	14892	243	-198	-150
12:03:10.88	236	2580	16228	93	314	-211
12:03:10.88	840	2392	16024	165	-337	-247
12:03:10.88	308	2388	16776	81	381	-176
12:03:10.91	704	2724	16376	270	-260	-203
12:03:10.91	272	3276	16724	11	231	-199
12:03:10.95	764	3360	16964	74	-449	-206
12:03:10.95	1268	2592	16616	-219	142	-164
12:03:10.95	860	2132	16144	-34	-303	-161
12:03:10.98	1152	2276	16680	-170	461	-147
12:03:10.98	960	2928	17020	-130	-207	-136
12:03:11.02	588	3876	16052	-243	-174	-106
12:03:11.02	1212	2992	15980	-179	101	-143
12:03:11.02	1316	2644	15608	-384	378	-116
12:03:11.05	1104	2920	15492	-246	-74	-108
12:03:11.05	684	3144	15436	-258	255	-149
12:03:11.05	840	3256	15016	-347	226	-138
12:03:11.09	852	2920	14888	-264	-92	-162
12:03:11.09	572	2776	14776	-114	324	-153
12:03:11.09	936	2988	14616	-31	126	-156
12:03:11.13	728	3364	14544	-94	112	-188
12:03:11.13	716	3052	14828	-81	192	-222
12:03:11.16	812	2708	14700	12	201	-295
12:03:11.16	576	2884	14764	78	130	-244
12:03:11.16	556	3076	15172	100	271	-239
12:03:11.20	812	2956	15020	71	135	-280
12:03:11.20	760	2908	15188	44	183	-280
12:03:11.23	1072	2744	15336	121	220	-236
12:03:11.23	852	2872	15248	182	221	-249
12:03:11.26	776	3288	15216	162	183	-257
12:03:11.26	700	3076	15368	114	181	-209
12:03:11.26	788	2760	15204	83	382	-181
12:03:11.26	648	2812	15192	160	122	-149
12:03:11.30	344	2868	15744	116	449	-187
12:03:11.30	648	2896	15564	148	-5	-204
12:03:11.34	332	3072	15804	18	288	-167
12:03:11.34	436	2936	15640	103	18	-147
12:03:11.34	408	2756	15852	124	312	-174
12:03:11.37	580	3100	15592	123	38	-231
12:03:11.37	328	3260	15752	75	28	-162
12:03:11.41	476	2984	15696	72	153	-200
12:03:11.41	516	2972	15476	99	-58	-201
12:03:11.41	516	2920	15960	114	118	-214
12:03:11.44	808	3104	15340	88	-67	-200
12:03:11.44	808	3244	15912	18	-17	-187
12:03:11.47	876	3116	15720	23	-72	-173
12:03:11.47	740	2852	15936	75	31	-216
12:03:11.47	760	3232	15692	42	-21	-135
12:03:11.51	420	3288	15780	48	-109	-140
12:03:11.51	920	3132	15360	81	-19	-214
12:03:11.54	836	2932	15744	-29	81	-155
12:03:11.54	932	2848	15160	38	-308	-200
12:03:11.54	484	2660	16004	28	398	-197
12:03:11.57	1120	3104	15556	70	-224	-219
12:03:11.57	776	3260	15892	-110	48	-173
12:03:11.57	700	2988	15640	155	-111	-166
12:03:11.61	1324	2968	15080	-17	383	-196
12:03:11.61	660	2772	16432	-157	183	-199
12:03:11.64	1072	3300	14816	121	-421	-229
12:03:11.64	552	3276	15764	-132	767	-227
12:03:11.68	800	2632	15896	169	-494	-181
12:03:11.68	1512	3112	14512	-251	598	-271
12:03:11.68	64	2860	16728	80	73	-253
12:03:11.71	1500	3720	14028	12	-81	-84
12:03:11.71	180	2792	16524	-30	778	-353
12:03:11.75	1372	4392	14296	38	-355	-104
12:03:11.75	92	3968	14744	-71	616	-355
12:03:11.75	940	2452	17456	-399	710	-252
12:03:11.78	432	3804	13740	323	-1115	-218
12:03:11.78	-152	3960	15632	-11	1651	-477
12:03:11.81	1092	4188	15520	-81	-526	33
12:03:11.81	52	4052	14180	411	338	-454
12:03:11.81	696	4208	15716	-396	663	-392
12:03:11.85	-60	4244	15312	-90	-473	-70
12:03:11.85	-336	3528	14640	727	519	-378
12:03:11.85	848	3996	15504	-19	340	-324
12:03:11.89	768	4800	16232	-355	-32	-112
12:03:11.89	32	4568	14212	601	-90	-203
12:03:11.92	428	3808	14868	167	832	-237
12:03:11.92	96	4308	16008	-205	-388	-113
12:03:11.92	340	4540	15712	73	-329	-179
12:03:11.96	388	4400	14128	530	-24	-313
12:03:11.96	716	3732	14780	63	610	-183
12:03:11.96	112	4220	16268	-340	113	-51
12:03:11.99	-548	5784	15336	270	-419	-169
12:03:11.99	276	5016	14592	663	-67	-369
12:03:12.03	1196	4156	14572	-43	38	-281
12:03:12.03	348	4720	16284	-413	211	-188
12:03:12.03	248	5744	15132	257	-205	-154
12:03:12.06	320	5288	14120	450	134	-273
12:03:12.06	1028	3976	14888	19	-159	-253
12:03:12.06	776	4460	15440	-442	-103	-216
12:03:12.10	152	5560	15760	-41	124	-157
12:03:12.10	112	5564	14160	572	-102	-158
12:03:12.13	660	4636	14168	-12	102	-257
12:03:12.13	56	4420	16036	-437	-149	-231
12:03:12.17	488	5352	15700	-64	-91	-110
12:03:12.17	344	5868	14564	444	289	-215
12:03:12.17	776	5088	14364	252	218	-240
12:03:12.20	552	4888	15384	-469	-69	-257
12:03:12.20	-20	5420	15924	-173	-82	-139
12:03:12.24	880	6120	14216	579	-8	-188
12:03:12.24	820	5340	13944	171	514	-370
12:03:12.24	684	5396	15668	-479	95	-246
12:03:12.27	344	5752	15372	-63	-217	-162
12:03:12.27	12	5828	13976	539	163	-324
12:03:12.27	1056	4832	14884	188	383	-341
12:03:12.31	504	5616	15588	-442	-32	-243
12:03:12.31	-104	6132	15396	41	-35	-243
12:03:12.34	164	5260	14340	523	272	-338
12:03:12.34	812	5440	15284	-235	407	-311
12:03:12.34	132	6192	15652	-204	-282	-159
12:03:12.38	-48	6268	14336	433	-20	-352
12:03:12.38	828	5652	15044	-57	739	-335
12:03:12.38	392	5972	15308	-342	-121	-144
12:03:12.42	-160	6004	14332	295	-207	-282
12:03:12.42	308	6024	14648	187	666	-290
12:03:12.45	716	6468	15380	-401	50	-174
12:03:12.45	-108	6356	14000	231	-364	-323
12:03:12.45	408	5724	14740	117	751	-361
12:03:12.49	192	6496	15384	-351	-29	-164
12:03:12.49	-160	6512	14272	202	-357	-306
12:03:12.52	344	5968	15080	98	668	-374
12:03:12.52	360	6884	14792	-340	26	-70
12:03:12.52	-276	6264	13772	449	-58	-354
12:03:12.55	628	6156	15632	-245	548	-367
12:03:12.55	220	7152	14812	-170	-106	-73
12:03:12.59	-136	5888	13784	526	221	-384
12:03:12.59	748	6220	15716	-524	334	-288
12:03:12.59	76	7268	14340	205	-445	-244
12:03:12.62	444	5896	14652	286	699	-477
12:03:12.62	416	6924	15844	-639	123	-70
12:03:12.66	-236	6516	13268	741	-319	-530
12:03:12.66	928	5984	15260	-329	628	-390
12:03:12.66	328	7408	14836	-145	-182	-73
12:03:12.69	-36	6484	13920	622	449	-466
12:03:12.69	132	7312	15360	-596	391	-207
12:03:12.72	-152	6740	13984	473	-443	-372
12:03:12.72	868	6312	15092	63	799	-371
12:03:12.72	-108	7316	14140	-46	-251	-228
12:03:12.76	-296	6828	15272	258	395	-375
12:03:12.76	408	7244	15036	-43	272	-239
12:03:12.79	-184	6996	14432	277	-199	-341
12:03:12.79	16	7640	15512	-167	744	-326
12:03:12.79	-408	6972	13476	422	-684	-325
12:03:12.83	-8	7056	16384	-359	950	-365
12:03:12.83	-304	7408	13336	486	-864	-315
12:03:12.83	252	7364	15716	-234	828	-394
12:03:12.86	-96	7576	13832	181	-409	-208
12:03:12.86	168	7172	15412	28	489	-434
12:03:12.90	-20	7480	13460	60	-289	-239
12:03:12.90	40	7472	15880	90	548	-408
12:03:12.93	504	7880	12800	279	-578	-110
12:03:12.93	-124	7188	16132	-334	997	-528
12:03:12.93	244	8124	12812	267	-927	-90
12:03:12.96	172	7496	15900	-574	1091	-428
12:03:12.96	8	8180	13912	473	-1064	-249
12:03:13.00	112	8364	14816	-339	796	-302
12:03:13.00	-568	8108	15404	387	-15	-438
12:03:13.00	188	8180	12396	295	-140	-136
12:03:13.03	-136	6988	16688	-410	1424	-649
12:03:13.03	440	8332	12004	467	-1593	-2
12:03:13.07	-220	6752	16424	-885	1535	-591
12:03:13.07	-312	4540	18196	380	-487	-217
12:03:13.10	1228	6600	10592	412	-117	-104
12:03:13.10	-32	4392	15992	-753	981	-772
12:03:13.10	1540	3024	18164	-608	-716	-99
12:03:13.14	548	3892	14104	-350	-125	-307
12:03:13.14	92	5320	15232	-144	423	-328
12:03:13.14	476	3744	14016	-154	-401	-338
12:03:13.17	676	2264	16612	-562	148	-441
12:03:13.17	1536	3592	13300	-616	-170	-245
12:03:13.20	-292	4252	15984	-701	1327	-423
12:03:13.20	308	4212	15836	-293	-79	-248
12:03:13.20	948	5796	14668	-338	-149	-254
12:03:13.24	-128	6724	14680	-225	423	-594
12:03:13.24	68	7268	10748	88	417	-138
12:03:13.28	-204	5944	16336	-919	989	-213
12:03:13.28	-672	7312	12568	845	-1681	-267
12:03:13.31	-1256	7748	15352	-834	866	-941
12:03:13.31	-148	6968	15388	1215	-1237	-323
12:03:13.31	-232	6208	12128	230	986	-300
12:03:13.34	-568	6664	18084	46	873	-251
12:03:13.34	-244	6744	12092	962	-1836	-94
12:03:13.37	308	4484	18092	-973	1267	-746
12:03:13.37	740	5068	16388	900	-2109	-84
12:03:13.37	444	5600	13248	542	1200	-366
12:03:13.41	4	4164	19268	-113	910	-290
12:03:13.41	864	4712	14172	421	-1760	83
12:03:13.41	596	4920	15212	-311	1295	-591
12:03:13.45	324	4132	16304	566	-715	-127
12:03:13.45	896	4824	12480	411	97	-151
12:03:13.48	-252	4936	16800	-670	1506	-325
12:03:13.48	88	5220	15496	308	-1500	-150
12:03:13.52	460	5924	14424	-26	950	-461
12:03:13.52	60	5904	15732	592	157	-310
12:03:13.52	1028	6816	11800	489	-471	212
12:03:13.55	-180	6600	16000	-932	1391	-744
12:03:13.55	-268	6568	14108	435	-1419	-135
12:03:13.59	932	6396	15600	-60	1520	-483
12:03:13.59	-52	7188	13908	614	-684	-208
12:03:13.59	372	6792	15040	-210	859	-364
12:03:13.62	196	6688	15188	282	-401	-272
12:03:13.62	516	5676	13156	120	361	-230
12:03:13.62	-372	5120	17356	334	616	-378
12:03:13.66	776	5660	12656	490	-677	5
12:03:13.66	-544	4920	17148	-656	1975	-656
12:03:13.69	332	5184	14488	430	-1846	-4
12:03:13.69	284	4600	15464	-333	1387	-594
12:03:13.69	-616	4404	16428	313	-450	-303
12:03:13.73	1368	4100	14184	75	-22	-161
12:03:13.73	-564	4460	16696	-475	1152	-580
12:03:13.73	1220	5212	13748	319	-941	56
12:03:13.76	200	4544	15332	-402	1542	-505
12:03:13.76	28	5200	14060	444	-1277	-180
12:03:13.79	424	5136	14468	-473	782	-379
12:03:13.79	-784	5132	15028	48	-1	-383
12:03:13.83	756	5444	13936	-13	-87	75
12:03:13.83	-660	6188	14456	119	523	-453
12:03:13.83	260	6044	13940	70	-221	-118
12:03:13.86	0	5780	14884	137	301	-349
12:03:13.86	388	5692	13824	9	62	-222
12:03:13.90	-468	5820	15380	55	809	-298
12:03:13.90	320	5820	13228	458	-378	-87
12:03:13.90	-68	4824	15364	-94	662	-483
12:03:13.93	248	5212	14096	576	-753	-241
12:03:13.93	1856	4168	17108	37	1351	-284
12:03:13.97	92	5136	15184	356	-654	-157
12:03:13.97	-572	5444	17256	-193	674	-293
12:03:13.97	-624	4988	15836	441	-1357	-175
12:03:14.00	680	4548	16888	-337	1115	-218
12:03:14.00	-72	5516	15776	483	-921	-198
12:03:14.00	8	5664	15016	-226	886	-85
12:03:14.04	-1956	5412	15696	25	14	-362
12:03:14.04	44	6036	14720	-98	-364	-88
12:03:14.07	128	5848	15708	165	-230	-395
12:03:14.07	1000	6132	13716	103	281	-161
12:03:14.07	220	5692	15912	-78	719	-103
12:03:14.11	-704	6568	14732	-103	-328	34
12:03:14.11	-896	5700	14800	360	-97	-374
12:03:14.14	680	6028	14568	-33	-332	-170
12:03:14.14	52	5876	14484	302	31	-424
12:03:14.14	696	5988	14296	-241	64	130
12:03:14.18	-796	5540	15608	-114	766	-139
12:03:14.18	-296	5504	14976	-22	-345	1
12:03:14.18	-548	5444	15360	386	-499	-314
12:03:14.21	424	5756	14400	-27	102	-148
12:03:14.21	132	5884	15828	-3	99	-154
12:03:14.25	232	5800	14416	-176	257	123
12:03:14.25	-1060	5116	15248	166	355	-153
12:03:14.25	-144	5828	14552	-87	-102	25
12:03:14.28	-348	5408	14936	360	-202	-373
12:03:14.28	1120	5816	15308	-417	514	32
12:03:14.31	-640	5860	14244	311	19	-95
12:03:14.31	-104	6420	14744	-212	393	226
12:03:14.35	-1148	5840	13068	504	-567	-254
12:03:14.35	720	5452	16872	-413	735	-150
12:03:14.35	192	5644	13784	352	-874	16
12:03:14.38	-324	6664	15696	-205	1659	-56
12:03:14.38	-988	6244	13036	517	-1127	236
12:03:14.41	-1012	5556	16148	-154	733	-299
12:03:14.41	-160	6344	14756	171	-446	-40
12:03:14.41	-68	5448	15196	378	606	-125
12:03:14.45	340	6152	15580	-231	728	190
12:03:14.45	-860	6312	13132	560	-406	-4
12:03:14.45	636	6004	16188	-433	576	-38
12:03:14.49	60	4944	13724	630	-804	-133
12:03:14.49	1260	5592	16668	-336	1507	38
12:03:14.52	-860	6444	13032	484	-790	209
12:03:14.52	-568	7272	17200	-272	1184	-51
12:03:14.55	-624	5936	14324	97	-870	-19
12:03:14.55	-176	5304	14480	152	246	-141
12:03:14.58	-544	5988	15012	-204	599	111
12:03:14.58	-1320	6432	13316	297	-414	104
12:03:14.58	-1108	6156	16436	-604	724	-161
12:03:14.62	152	6240	13068	469	-1467	-125
12:03:14.62	488	5436	14972	-205	1368	-158
12:03:14.62	-92	6556	14748	-30	3	500
12:03:14.65	-680	5780	12752	322	532	3
12:03:14.65	-416	6632	16008	-546	-651	47
12:03:14.69	-48	5332	13484	556	-663	-261
12:03:14.69	304	6088	14252	-265	532	-58
12:03:14.69	-52	6176	14644	-130	-155	471
12:03:14.72	-372	5740	15360	281	318	-28
12:03:14.72	-1044	6608	15456	-323	-279	103
12:03:14.75	-768	5852	14300	796	-764	-340
12:03:14.75	456	6316	15632	-447	106	4
12:03:14.79	-148	6980	14168	54	55	68
12:03:14.79	44	5624	15828	-123	418	38
12:03:14.79	-548	6080	16852	-512	-522	162
12:03:14.82	-612	6568	14428	810	-604	-374
12:03:14.82	1280	6576	16324	-328	375	-134
12:03:14.86	860	7740	15340	-180	232	225
12:03:14.86	288	6060	14168	433	1237	-2
12:03:14.86	1104	6336	18532	-723	-469	131
12:03:14.89	-224	7480	14748	779	-394	-128
12:03:14.89	856	6400	14600	481	441	-233
12:03:14.92	-304	6696	16724	-838	481	227
12:03:14.92	-780	6308	14132	684	206	82
12:03:14.92	72	5740	16460	-114	970	-201
12:03:14.95	-196	7296	16336	67	-320	184
12:03:14.95	216	5828	12792	1029	541	-456
12:03:14.99	-144	6104	15256	-1026	362	16
12:03:14.99	-4	6596	13688	630	787	232
12:03:14.99	328	4840	13480	-73	481	-245
12:03:15.02	-320	6720	15948	-383	-245	84
12:03:15.02	620	6760	11968	1044	286	-38
12:03:15.02	-152	5484	12796	-564	-135	-164
12:03:15.06	-2096	6084	15212	-160	272	78
12:03:15.06	-760	6108	10376	1067	-735	-66
12:03:15.09	-1852	5740	13512	-711	-721	-786
12:03:15.09	-2136	6732	17532	-223	784	-339
12:03:15.13	288	7480	12700	931	-122	414
12:03:15.13	-564	5916	11664	-504	-795	-130
12:03:15.13	-1272	6552	15060	-349	639	-122
12:03:15.16	184	6532	12376	54	-123	-169
12:03:15.16	1104	6148	11140	140	-1160	-143
12:03:15.20	644	6720	13872	-462	349	71
12:03:15.20	-428	6612	15136	-871	635	284
12:03:15.20	-900	6736	13376	-12	-1341	258
12:03:15.23	156	6868	14272	-407	-447	-331
12:03:15.23	96	7448	15732	-500	351	-74
12:03:15.23	736	6236	15708	-591	54	304
12:03:15.26	-928	6740	15088	-483	704	150
12:03:15.30	-136	7620	16948	-240	406	-80
12:03:15.30	612	6968	16940	-739	-119	-137
12:03:15.30	980	7620	15008	-228	65	-445
12:03:15.33	2116	6716	17404	-694	1391	-41
12:03:15.33	524	6548	16460	-847	476	112
12:03:15.33	-388	7696	15696	-541	515	-252
12:03:15.36	112	7176	13644	63	-502	-381
12:03:15.36	1248	6668	15292	-988	557	-505
12:03:15.40	1024	6788	17048	-921	682	92
12:03:15.40	-1972	6376	14012	-70	649	-12
12:03:15.40	-1112	7172	13836	-410	756	-274
12:03:15.43	-1592	6844	15344	-635	-130	-536
12:03:15.43	-408	6372	14984	-97	303	-333
12:03:15.47	-508	6420	14852	-158	954	45
12:03:15.47	-2052	7028	14316	285	-736	-341
12:03:15.50	-2316	6752	13556	-201	267	-748
12:03:15.50	-3196	7032	14024	140	-587	-1277
12:03:15.50	-1008	6592	11592	347	-252	-1283
12:03:15.53	-100	6840	14320	-747	197	-275
12:03:15.53	-940	6644	13708	824	-1470	592
12:03:15.57	-860	6164	10080	1075	815	-346
12:03:15.57	-1836	6916	13028	211	-873	-550
12:03:15.60	1040	6544	11564	567	793	-460
12:03:15.60	1816	7336	12572	647	-854	462
12:03:15.60	-152	7268	14812	401	572	355
12:03:15.64	-1656	6840	13996	694	-73	-701
12:03:15.64	-1692	6728	15372	414	-275	-387
12:03:15.67	856	6472	15356	871	144	-474
12:03:15.67	1592	8368	16264	232	696	-60
12:03:15.67	1388	8620	13208	996	520	601
12:03:15.71	-1508	8632	15340	445	-166	-451
12:03:15.71	12	5448	18956	-992	411	-395
12:03:15.71	-1240	8356	17720	1214	-434	-1177
12:03:15.74	1776	11368	18828	-42	1805	264
12:03:15.74	3348	8336	9752	1701	271	641
12:03:15.74	-2904	8684	18660	-1185	1433	-811
12:03:15.78	408	8076	13352	313	430	-339
12:03:15.78	-1356	6836	16620	179	-1143	-1155
12:03:15.81	448	9692	19264	336	3435	-358
12:03:15.81	2164	7976	12636	-188	-843	467
12:03:15.85	-2948	5536	16432	-1130	1184	-208
12:03:15.85	-852	7928	16404	602	22	-425
12:03:15.85	-276	8296	13112	851	-623	-1257
12:03:15.88	1284	8100	11604	477	-657	-952
12:03:15.88	708	8624	12696	-361	1089	15
12:03:15.92	244	7976	13384	-488	-266	392
12:03:15.92	-756	7328	15272	198	200	-551
12:03:15.95	-368	7028	15860	288	-564	-572
12:03:15.95	1628	6736	12824	657	316	-375
12:03:15.95	168	5908	14168	-442	-649	-244
12:03:15.99	-860	6788	14780	288	374	139
12:03:15.99	-536	7544	13124	275	-561	-599
12:03:15.99	140	8224	16448	-11	-990	-628
12:03:16.02	292	8692	12444	972	1334	-265
12:03:16.02	300	7992	11284	104	-147	151
12:03:16.06	-1408	8556	13956	34	698	75
12:03:16.06	-1216	8784	16396	-275	-271	-581
12:03:16.06	36	8736	14324	502	-644	-278
12:03:16.09	1008	8976	20864	-1069	2593	-700
12:03:16.09	-276	9324	5296	4174	-455	1054
12:03:16.13	-3600	7616	13296	-3120	765	-2099
12:03:16.13	-3368	8232	24472	-445	949	-1050
12:03:16.16	1504	5884	2708	1515	62	-1912
12:03:16.16	164	11820	24868	-765	561	878
12:03:16.16	608	11388	14172	661	1770	529
12:03:16.20	-1104	8240	11096	-1058	-424	-704
12:03:16.20	-120	6172	20484	-1833	-800	-641
12:03:16.20	2204	8900	14316	2058	2291	-153
12:03:16.23	892	8104	9404	-906	-2286	-730
12:03:16.23	-3100	10112	19320	-17	3033	438
12:03:16.27	540	8672	9288	514	-710	-174
12:03:16.27	-1900	7912	15936	-1328	-41	-1081
12:03:16.31	-264	6212	15724	-434	993	-406
12:03:16.31	96	7852	13820	749	498	-96
12:03:16.31	-1252	9700	15068	-228	1	-179
12:03:16.34	-972	8016	13956	-141	663	-351
12:03:16.34	-1056	7228	14812	-793	34	-585
12:03:16.34	-368	7636	13788	541	288	-205
12:03:16.37	140	6852	12564	-318	-1045	-708
12:03:16.37	-1016	9548	16236	100	1048	-19
12:03:16.41	-200	8636	13556	-152	63	123
12:03:16.41	-1344	8024	15744	-944	262	-560
12:03:16.41	-368	8328	14172	701	-232	11
12:03:16.44	-900	7928	12424	211	347	-331
12:03:16.44	-76	8476	11708	534	35	196
12:03:16.47	-552	6672	10772	-659	-591	-99
12:03:16.47	-1880	7000	14780	-634	-57	-462
12:03:16.51	-1600	7572	12872	857	-1118	-351
12:03:16.51	-1752	7240	14544	-1143	-1025	-1186
12:03:16.51	-2836	10576	22328	170	905	-197
12:03:16.54	240	8544	8220	1424	-908	-61
12:03:16.54	-2492	8600	14104	-1535	303	-953
12:03:16.58	-2500	8212	16012	249	348	-155
12:03:16.58	-632	7852	13096	-65	-400	-784
12:03:16.61	-852	9528	17476	279	-448	275
12:03:16.61	-40	8876	13104	473	725	212
12:03:16.61	-596	8932	14220	-584	-562	130
12:03:16.65	-2116	7800	15208	226	1117	348
12:03:16.65	-1044	7512	15264	-55	-576	51
12:03:16.65	-2532	8336	16744	-110	689	-255
12:03:16.68	-1296	8848	16000	485	12	-175
12:03:16.68	-1188	8756	16040	-610	829	143
12:03:16.72	-852	9872	15632	614	403	102
12:03:16.72	-1800	8492	13304	202	980	150
12:03:16.72	-1956	7804	13260	-243	604	-524
12:03:16.75	-2536	8968	12340	1388	87	-716
12:03:16.75	-1928	7384	9644	1260	57	-1927
12:03:16.78	-3984	7036	19876	-2859	843	-3113
12:03:16.78	-676	8928	13468	2790	-1245	-375
12:03:16.82	-2168	7572	10360	-583	128	-1958
12:03:16.82	-3612	8892	15348	2986	479	-144
12:03:16.82	-2336	5248	11096	-2455	121	-2309
12:03:16.85	-4624	8712	23792	-543	1123	-1483
12:03:16.85	1024	9264	12636	2890	-641	146
12:03:16.88	-1344	8436	6120	1140	-41	-74
12:03:16.88	-3976	6780	22100	-3386	359	-1120
12:03:16.88	-1948	2404	15708	1492	351	-601
12:03:16.92	-648	4668	17448	-178	-756	-654
12:03:16.92	1480	6228	18544	79	-1470	-195
12:03:16.96	168	5324	16336	36	3212	624
12:03:16.96	8	5120	12492	-46	-1367	1156
12:03:16.99	-2304	3664	22472	-2245	2140	-373
12:03:16.99	312	1984	14720	1202	-2006	-372
12:03:16.99	2756	2232	14448	-1067	700	-269
12:03:17.03	828	4896	18956	-650	2202	370
12:03:17.03	-388	2188	9852	-676	1078	265
12:03:17.03	-3132	2812	22124	-1747	374	-89
12:03:17.06	964	2092	7760	1301	746	-974
12:03:17.06	560	4008	17340	-1579	-342	17
12:03:17.10	812	3492	13064	-428	2900	243
12:03:17.10	-1944	3828	10088	-417	-601	239
12:03:17.10	-2432	-556	18276	-1631	1153	-654
12:03:17.13	-576	1836	9260	1806	187	-1029
12:03:17.13	-1244	2468	12248	-266	-861	-1060
12:03:17.17	-468	4036	16096	-1114	1455	201
12:03:17.17	1356	2044	17600	-1956	-617	625
12:03:17.20	-1612	2836	16624	1596	1466	153
12:03:17.20	-636	1368	11364	-1019	-1809	-590
12:03:17.23	-764	4096	21576	-436	184	-352
12:03:17.23	1260	3508	12372	1032	680	448
12:03:17.23	540	2492	14016	-1666	-1043	384
12:03:17.27	-2308	1164	19184	-931	712	-125
12:03:17.27	84	2872	14456	997	-261	-27
12:03:17.27	-376	4116	20388	-845	-641	-590
12:03:17.30	576	4908	14800	783	2345	-115
12:03:17.30	1752	3164	11804	-242	-2036	1164
12:03:17.34	-2904	1084	15956	-271	1918	-109
12:03:17.34	-428	1496	11456	1042	-1031	-852
12:03:17.38	212	3336	19028	-1137	-1000	22
12:03:17.38	1152	2560	13556	481	2206	-430
12:03:17.38	-612	4484	19188	-764	-2099	265
12:03:17.42	-868	2384	15800	2828	2315	124
12:03:17.42	588	1164	8820	-1011	-3450	-885
12:03:17.42	1272	3000	19672	-835	1720	-211
12:03:17.45	1208	4544	16368	1953	-313	460
12:03:17.45	-1164	2420	15344	-960	257	-253
12:03:17.48	956	1832	16572	238	152	133
12:03:17.48	148	488	15120	301	-1015	-320
12:03:17.52	-224	3448	15084	1465	1556	140
12:03:17.52	1196	2604	12760	-745	-1304	-83
12:03:17.52	572	1256	17884	-1030	713	-19
12:03:17.55	2440	1788	20304	-390	75	-198
12:03:17.55	-528	648	13352	797	418	-163
12:03:17.55	184	3668	20452	-567	-843	680
12:03:17.59	204	1472	14076	-43	1531	-497
12:03:17.59	-556	1240	15276	-295	-1554	-112
12:03:17.62	1252	-1616	13752	-524	-7	-285
12:03:17.62	324	1364	16552	-5	1375	-161
12:03:17.62	1772	2112	16556	-809	-316	-164
12:03:17.66	-440	888	19216	-254	438	130
12:03:17.66	1236	-8	13516	-408	-32	-356
12:03:17.69	1360	432	16220	-495	-205	-397
12:03:17.69	776	212	14992	286	1033	-86
12:03:17.69	1236	1112	16352	-1208	722	-10
12:03:17.72	1140	260	15764	-340	470	-138
12:03:17.72	556	-1388	16292	-613	-197	-191
12:03:17.76	412	2060	14720	684	993	-160
12:03:17.76	156	1748	14164	239	435	-88
12:03:17.79	48	2008	15096	313	553	185
12:03:17.79	500	-76	13676	-727	62	-357
12:03:17.79	324	1204	18148	-235	419	-129
12:03:17.82	424	184	15952	910	778	-445
12:03:17.82	-788	2872	18400	183	415	-59
12:03:17.86	624	1528	14892	424	212	172
12:03:17.86	-696	1420	15984	354	418	-390
12:03:17.86	2240	-1564	11716	-372	-988	-579
12:03:17.89	-288	488	25604	66	3090	423
12:03:17.89	3336	1720	4344	1468	-1400	-454
12:03:17.93	-1780	2668	23696	-2999	-167	-610
12:03:17.93	-12	400	18688	1743	908	27
12:03:17.93	1748	312	15496	-632	-820	-511
12:03:17.96	-804	3124	18928	598	710	-662
12:03:17.96	2212	1788	17856	114	414	-65
12:03:17.96	-48	1080	18440	-75	2208	-210
12:03:18.00	860	-136	15840	45	1118	-294
12:03:18.00	3152	1648	21052	-390	762	-51
12:03:18.03	1416	1908	14212	1618	1635	-134
12:03:18.03	408	3016	15412	-949	684	-93
12:03:18.06	704	244	15476	-21	488	-192
12:03:18.06	-1304	-1148	14748	-93	148	-766
12:03:18.06	-128	868	15952	425	528	-63
12:03:18.10	-152	1368	15424	-168	975	-377
12:03:18.10	56	2076	17204	202	470	46
12:03:18.10	768	612	10168	611	-120	33
12:03:18.14	-1840	-800	14604	-1025	-163	-868
12:03:18.14	-740	-620	13032	895	254	-366
12:03:18.17	-1248	880	15324	-173	-784	-334
12:03:18.17	-500	1552	16836	-344	-534	-410
12:03:18.17	116	384	16264	193	-185	-396
12:03:18.21	-184	-76	18096	-375	79	-288
12:03:18.21	3052	2828	17040	857	-796	202
12:03:18.24	1280	1756	16128	-137	893	-397
12:03:18.24	432	864	18460	-1401	-339	155
12:03:18.27	600	-1068	17824	444	969	-205
12:03:18.27	492	636	14672	-162	-788	88
12:03:18.27	836	2348	21840	-1342	1519	140
12:03:18.27	968	1788	6520	2877	298	60
12:03:18.31	-1256	1156	20888	-3707	-1084	-530
12:03:18.31	1332	-1172	16840	177	2733	340
12:03:18.34	-784	1164	9532	1359	-818	-597
12:03:18.34	-628	4060	22112	-66	980	410
12:03:18.38	324	812	11868	-1308	259	-806
12:03:18.38	-764	-988	14968	-449	-94	-447
12:03:18.38	560	560	14836	852	521	495
12:03:18.41	112	2448	13516	247	57	-419
12:03:18.41	-544	1452	15712	-709	-528	-439
12:03:18.41	-856	1684	17088	859	333	125
12:03:18.45	736	-1140	13416	-701	-782	-714
12:03:18.45	32	-400	18916	24	708	-325
12:03:18.48	1648	2384	17952	1041	-617	48
12:03:18.48	668	1708	14120	390	367	-305
12:03:18.48	664	920	17700	-615	-874	222
12:03:18.52	960	116	13772	533	1008	-199
12:03:18.52	-192	-980	15904	-442	-544	-388
12:03:18.55	284	3108	21056	215	180	314
12:03:18.55	1320	1812	12584	893	18	-256
12:03:18.55	-648	1400	17904	-1189	-412	-370
12:03:18.59	1356	516	12988	1329	959	688
12:03:18.59	-176	-1564	10804	-1271	-2195	-323
12:03:18.62	-1188	-600	19016	-476	289	212
12:03:18.62	-200	1324	13048	723	-1626	123
12:03:18.62	-1640	-224	11580	-396	-2223	-429
12:03:18.66	-1664	-88	20340	-1212	-487	-30
12:03:18.66	-652	-804	11252	1362	-214	-64
12:03:18.69	-724	776	18812	-1824	-2530	-183
12:03:18.69	-276	2420	17384	811	563	281
12:03:18.73	2448	-908	15028	-971	-231	-140
12:03:18.73	948	1108	21368	-732	-232	351
12:03:18.73	2060	264	15120	1254	1224	-138
12:03:18.77	2136	2868	17728	-1102	-950	423
12:03:18.77	2360	1864	16080	257	856	-148
12:03:18.77	1048	20	15988	-1127	416	75
12:03:18.80	1840	64	17952	-278	602	94
12:03:18.80	392	436	16712	18	305	-2
12:03:18.83	976	2504	16516	-33	157	16
12:03:18.83	-400	1492	18096	-722	1223	-172
12:03:18.83	908	1380	16260	279	360	80
12:03:18.87	724	-732	15120	-544	1524	-149
12:03:18.87	-36	528	16876	107	801	-173
12:03:18.90	-1032	1280	12500	1172	1565	-19
12:03:18.90	-2056	540	14908	-192	311	-610
12:03:18.90	-88	-1284	11328	952	596	-432
12:03:18.94	-484	-984	16016	-203	-75	-515
12:03:18.94	72	1464	14112	1666	2074	23
12:03:18.94	-712	1640	17340	-630	-136	-341
12:03:18.97	-1268	236	15844	1578	1168	-596
12:03:18.97	1008	1044	15064	-279	-1959	-128
12:03:19.01	1384	964	15964	1252	2192	-394
12:03:19.01	304	1456	12872	-164	-1152	25
12:03:19.04	416	1812	16884	178	1620	119
12:03:19.04	-84	-2320	14924	-700	-841	-250
12:03:19.04	1244	-104	18664	298	160	145
12:03:19.07	716	2180	15132	1281	-780	288
12:03:19.07	-3008	1596	14204	-3	-406	-605
12:03:19.11	-772	668	17244	-719	-764	-23
12:03:19.11	744	-1952	21944	-650	827	33
12:03:19.11	1632	444	16856	-312	-2099	483
12:03:19.15	-1992	1948	14996	1024	1713	-710
12:03:19.15	-2136	2248	17552	-732	-605	217
12:03:19.18	568	-400	18684	-967	28	159
12:03:19.18	1900	-1120	17064	-492	-195	3
12:03:19.18	3552	632	16856	85	173	-105
12:03:19.22	2324	3028	17392	-133	1265	113
12:03:19.22	964	1420	18560	-332	915	135
12:03:19.25	1728	636	15660	-541	-525	197
12:03:19.25	1000	-388	18004	-1229	1769	-175
12:03:19.25	1092	-64	15996	748	-33	-228
12:03:19.29	140	2736	16084	-234	2339	-122
12:03:19.29	924	3124	14916	540	322	55
12:03:19.32	716	108	12352	255	1452	-237
12:03:19.32	632	-1424	14452	-1482	779	-531
12:03:19.32	40	-412	15808	951	2146	-337
12:03:19.35	-200	1948	10672	1690	681	255
12:03:19.35	-2272	1488	13916	-231	1205	-553
12:03:19.39	-2036	-732	17540	186	817	-208
12:03:19.39	284	-3144	15844	535	2515	-630
12:03:19.42	-2528	620	15152	1108	-2107	-547
12:03:19.42	-2368	2476	11376	2001	292	-662
12:03:19.42	-732	256	18200	-1536	-817	-379
12:03:19.46	964	-2820	22692	406	2327	-276
12:03:19.46	-644	-188	10736	1303	-3138	-361
12:03:19.46	-868	1568	16628	595	632	-454
12:03:19.49	-288	1992	19216	287	-1124	211
12:03:19.49	1524	1244	18236	3	-813	217
12:03:19.52	596	-736	14968	-33	266	-83
12:03:19.52	1940	-60	18316	-266	310	296
12:03:19.52	1040	300	18296	-57	-379	161
12:03:19.56	452	2860	15096	665	-705	-60
12:03:19.56	208	2068	15956	-982	-323	-52
12:03:19.59	1568	1168	15868	-84	-811	257
12:03:19.59	1216	-564	18068	-434	1381	-51
12:03:19.63	740	1148	17296	-185	-584	56
12:03:19.63	2788	2096	19692	-765	457	11
12:03:19.63	708	1968	10372	1121	282	-65
12:03:19.66	480	92	16736	-2050	-1271	42
12:03:19.66	-116	-1524	12348	642	2079	10
12:03:19.69	172	-812	15872	-1232	-712	-241
12:03:19.69	-212	2748	16444	345	-148	-35
12:03:19.69	2068	-16	15048	-879	506	-310
12:03:19.73	556	756	14608	-85	-170	58
12:03:19.73	692	-264	13964	-586	-455	270
12:03:19.76	-376	12	16328	-338	1295	-417
12:03:19.76	-308	932	13016	577	-1707	3
12:03:19.76	-400	1180	15836	-647	267	-335
12:03:19.79	496	-600	16132	239	178	-42
12:03:19.79	-20	-172	15664	21	-604	48
12:03:19.83	-112	292	15904	63	-440	-3
12:03:19.83	-232	2068	16040	118	-555	-34
12:03:19.83	-60	68	15688	-126	-716	-171
12:03:19.86	1176	956	16868	-167	-309	19
12:03:19.86	688	260	14320	327	-445	49
12:03:19.89	-992	28	17288	-579	1145	-301
12:03:19.89	780	1776	17460	206	-2124	519
12:03:19.89	860	1100	16020	358	700	-332
12:03:19.93	2276	552	17492	-408	-167	228
12:03:19.93	896	1776	15816	193	-150	257
12:03:19.93	-1244	1684	15452	148	990	-37
12:03:19.96	524	2120	16404	67	-784	305
12:03:19.96	-276	1128	15020	178	-144	-110
12:03:20.00	860	620	17476	-85	415	-4
12:03:20.00	464	1360	15600	603	-423	77
12:03:20.00	-960	2336	16956	-194	745	-145
12:03:20.03	-1928	2112	15472	559	-762	-40
12:03:20.03	384	668	16984	-102	203	-203
12:03:20.07	-336	788	16456	327	-294	-394
12:03:20.07	1676	2204	16292	506	139	0
12:03:20.10	396	2768	15452	411	1099	-62
12:03:20.10	1104	2256	15716	224	200	218
12:03:20.10	856	1072	16056	43	596	-109
12:03:20.13	776	848	15540	577	-230	-142
12:03:20.13	960	2180	15008	407	534	-24
12:03:20.17	72	2548	15544	349	461	134
12:03:20.17	-728	2108	15348	248	436	209
12:03:20.17	-788	1004	14056	83	-419	85
12:03:20.20	-524	920	13312	474	-736	96
12:03:20.20	-800	1948	13668	519	-83	-55
12:03:20.20	-1348	2004	13852	34	-790	-169
12:03:20.23	-992	1044	15896	-16	-219	367
12:03:20.23	-640	1468	15172	443	-204	-77
12:03:20.27	-1492	1876	13776	596	-499	-382
12:03:20.27	-264	2852	20012	-862	-451	294
12:03:20.30	36	3320	15644	1228	74	27
12:03:20.30	664	3480	13452	-394	-1428	147
12:03:20.30	60	712	18068	-333	1300	14
12:03:20.34	508	2876	15644	762	-1528	526
12:03:20.34	1568	1860	13436	327	485	-261
12:03:20.34	688	4056	19144	-1020	-593	587
12:03:20.37	656	2588	16088	444	896	225
12:03:20.37	220	1816	14000	-249	-395	199
12:03:20.40	-308	3172	17264	-349	-300	-54
12:03:20.40	84	3068	16816	-211	-452	194
12:03:20.40	488	2172	16104	41	561	88
12:03:20.44	444	2908	17144	-648	237	241
12:03:20.44	120	2304	16244	240	176	25
12:03:20.47	508	3036	16548	-516	144	127
12:03:20.47	632	3296	16312	-61	-397	-22
12:03:20.47	1576	3296	14928	-269	833	27
12:03:20.51	480	1732	14944	-652	437	122
12:03:20.51	344	2224	15812	-184	445	14
12:03:20.54	-720	2688	14980	-168	-7	25
12:03:20.54	568	2692	14748	101	124	-63
12:03:20.54	256	2392	14300	-60	648	169
12:03:20.57	-312	1924	13620	-323	526	-18
12:03:20.57	-1072	2532	14044	284	-355	105
12:03:20.61	-1872	2716	11988	1042	312	-386
12:03:20.61	-952	1480	14136	-1221	-1362	-637
12:03:20.64	-1200	1352	21312	-573	290	-9
12:03:20.64	-188	2276	15140	1240	842	155
12:03:20.64	944	1764	13368	812	-106	-233
12:03:20.68	-1036	3852	17116	-329	-110	-268
12:03:20.68	1300	2776	17144	516	-331	19
12:03:20.68	844	2456	14084	397	107	-47
12:03:20.71	1056	2224	16540	23	575	-5
12:03:20.71	68	3512	15848	484	-211	148
12:03:20.74	-28	2408	16700	68	712	-65
12:03:20.74	-204	3196	17072	106	-288	32
12:03:20.74	1116	3412	15320	322	334	156
12:03:20.78	624	3540	16052	52	1020	62
12:03:20.78	-128	2764	15764	67	22	128
12:03:20.81	-900	2812	16456	-154	373	-106
12:03:20.81	-252	2948	15680	240	-612	-36
12:03:20.81	532	2968	15116	233	612	-146
12:03:20.85	-124	3228	16396	-184	91	0
12:03:20.85	352	3048	15236	341	117	-98
12:03:20.88	192	2552	15692	-467	-75	-68
12:03:20.88	44	2772	15144	362	-40	-144
12:03:20.88	792	2720	15172	-114	188	-83
12:03:20.91	-496	3256	15236	-64	-66	-63
12:03:20.91	424	2636	15872	-29	340	-88
12:03:20.95	56	2348	15724	-265	-119	-47
12:03:20.95	480	2412	16424	9	236	-162
12:03:20.95	712	3084	15236	106	-2	-35
12:03:20.98	-268	2892	16172	-127	709	-116
12:03:20.98	472	3532	16716	-281	-180	116
12:03:21.02	372	2396	13420	557	102	-236
12:03:21.02	-132	2824	15708	-701	174	-90
12:03:21.02	432	2876	15308	520	310	-51
12:03:21.05	-176	2524	16332	-717	287	-78
12:03:21.05	-136	3152	15620	273	-201	-18
12:03:21.08	1020	2472	15224	37	604	-55
12:03:21.08	-224	2456	14568	67	13	-81
12:03:21.12	760	3152	15168	-141	244	-96
12:03:21.12	-356	3276	15892	-136	569	-113
12:03:21.12	112	2596	15260	117	206	-63
12:03:21.12	824	2520	16116	-319	356	-138
12:03:21.15	-72	2576	16444	-23	13	-138
12:03:21.15	92	3440	14524	162	464	-116
12:03:21.18	548	3272	15084	-280	238	2
12:03:21.18	-316	2060	15220	-96	493	-33
12:03:21.22	120	2168	15284	-99	104	-156
12:03:21.22	-500	3084	15752	-59	136	-56
12:03:21.25	52	2940	14960	172	71	-155
12:03:21.25	-900	2796	15992	-248	256	-29
12:03:21.25	-144	2704	15072	411	62	-127
12:03:21.28	152	2492	14820	-58	-107	-136
12:03:21.28	304	2940	16252	-78	121	-124
12:03:21.31	120	2712	15888	76	58	-25
12:03:21.31	-292	2916	15564	23	320	-70
12:03:21.31	0	2892	16060	-67	-243	-43
12:03:21.35	-4	2588	15472	226	-26	-82
12:03:21.35	588	2636	15800	99	146	-56
12:03:21.38	-220	3288	15672	88	131	-14
12:03:21.38	116	2744	15436	95	208	-97
12:03:21.38	40	2732	16008	-146	100	19
12:03:21.42	644	2792	15168	129	-84	-123
12:03:21.42	28	2676	15432	-13	314	-111
12:03:21.42	460	3148	15612	37	-12	-37
12:03:21.46	-44	2764	15744	-1	379	-96
12:03:21.46	360	3044	15144	122	-65	-27
12:03:21.46	452	2376	15812	-17	465	-89
12:03:21.49	-4	2692	15112	155	-201	-42
12:03:21.49	-108	2624	16180	-249	570	-222
12:03:21.52	36	3092	16436	-33	-153	212
12:03:21.52	264	2512	14180	489	832	-193
12:03:21.52	-232	3352	15592	-438	-282	-103
12:03:21.55	-144	2996	16192	115	393	-105
12:03:21.55	-152	2568	15416	155	258	19
12:03:21.59	708	2928	15548	-78	-103	-86
12:03:21.59	36	2956	15196	194	161	-134
12:03:21.62	272	2384	15496	9	404	-84
12:03:21.62	-576	3352	16052	47	134	-46
12:03:21.62	-228	2752	15828	162	131	-50
12:03:21.62	4	2832	15632	-32	26	-151
12:03:21.66	116	2904	15524	184	61	-97
12:03:21.66	124	2644	15332	-16	442	-108
12:03:21.70	-228	2852	16280	-60	80	-94
12:03:21.70	68	3212	13872	483	-18	-98
12:03:21.70	84	2820	15492	-744	7	-198
12:03:21.73	576	2512	16740	253	255	-185
12:03:21.73	588	2972	15144	105	164	-124
12:03:21.73	500	2684	16044	-207	429	-57
12:03:21.77	-148	3516	15140	130	-204	-49
12:03:21.77	304	2440	15516	-93	446	-128
12:03:21.80	456	2904	15228	20	-611	-41
12:03:21.80	8	2648	14920	49	621	-223
12:03:21.80	-140	2696	15860	-241	-144	-22
12:03:21.83	-412	2960	15468	56	180	-141
12:03:21.83	-188	2696	16632	-163	207	-129
12:03:21.87	228	3284	15956	160	-459	-118
12:03:21.87	376	2756	16276	-157	510	-152
12:03:21.87	64	3144	15308	204	-164	-136
12:03:21.91	336	2712	15096	-148	380	-128
12:03:21.91	-272	2116	15488	21	15	-176
12:03:21.91	696	2840	15012	271	-315	-40
12:03:21.94	436	3384	15608	48	567	-240
12:03:21.94	-32	2432	15848	165	-3	-24
12:03:21.97	180	3060	16380	-172	23	33
12:03:21.97	-624	2816	14324	460	-85	-171
12:03:21.97	736	2348	15392	-81	-183	-126
12:03:22.01	88	2924	15428	71	-22	-125
12:03:22.01	-404	2896	16304	12	548	-103
12:03:22.04	-368	3076	15716	113	-454	-22
12:03:22.04	-92	2536	15120	141	151	-183
12:03:22.04	884	2496	15760	95	15	-175
12:03:22.08	604	3048	15736	-145	138	-61
12:03:22.08	340	3372	15888	171	569	-104
12:03:22.11	168	3408	15564	-85	130	52
12:03:22.11	400	2600	15416	195	-188	-135
12:03:22.11	-64	2708	13336	434	-24	-19
12:03:22.14	732	2464	15460	-496	410	-125
12:03:22.14	216	2592	17540	-203	-150	49
12:03:22.17	-860	3156	16192	356	543	-162
12:03:22.17	524	3180	15444	242	-204	8
12:03:22.21	-140	2224	15956	-168	-67	-124
12:03:22.21	40	2836	16152	-20	299	-61
12:03:22.21	-8	2396	14868	290	601	-89
12:03:22.24	-388	2952	15896	-291	-121	44
12:03:22.24	-328	2916	15824	332	193	-95
12:03:22.27	360	2024	15416	-90	169	-17
12:03:22.27	240	2972	15932	-127	-121	-36
12:03:22.27	-228	2712	15248	233	335	-20
12:03:22.31	-324	3112	15392	-251	297	-5
12:03:22.31	-348	2860	15936	185	116	-62
12:03:22.35	232	2636	15644	-285	82	41
12:03:22.35	-420	2168	15480	33	353	-51
12:03:22.35	-428	2756	15304	19	272	57
12:03:22.35	-780	2784	15312	-161	42	31
12:03:22.38	-260	2504	16028	-126	331	85
12:03:22.38	-48	2308	14604	179	-269	79
12:03:22.42	-388	3028	15908	-494	556	28
12:03:22.42	-812	2604	15120	267	10	162
12:03:22.42	-1008	2412	15684	-331	476	114
12:03:22.45	-700	1872	16316	-284	-368	169
12:03:22.45	-1064	2544	14928	233	126	59
12:03:22.48	-332	2420	16088	-362	208	212
12:03:22.48	-1116	3116	15772	227	219	262
12:03:22.52	-1132	2180	15728	-296	224	218
12:03:22.52	-760	2624	15596	109	-141	274
12:03:22.52	-8	2060	14980	42	591	231
12:03:22.55	-612	2556	16224	-274	361	360
12:03:22.55	-1000	2448	15380	-18	215	511
12:03:22.59	-1176	2320	15388	9	449	354
12:03:22.59	-1200	2084	15532	-79	-74	433
12:03:22.59	-656	2748	14848	267	11	365
12:03:22.62	-732	2464	15852	-367	306	384
12:03:22.62	-940	2432	16212	-91	135	521
12:03:22.62	-1124	2488	15132	153	389	390
12:03:22.66	-648	2180	15652	58	60	478
12:03:22.66	-840	2868	15528	186	-35	473
12:03:22.69	-900	2536	13968	359	-167	496
12:03:22.69	-1088	2924	15580	-291	-34	394
12:03:22.69	-156	1724	16680	265	102	462
12:03:22.73	-928	2100	15900	-94	185	526
12:03:22.73	-420	3156	15140	580	-727	426
12:03:22.76	-908	3388	14676	99	361	338
12:03:22.76	-204	2360	15844	-247	-251	564
12:03:22.76	-700	1952	15980	94	182	467
12:03:22.79	-644	2652	14892	313	-196	407
12:03:22.79	-336	3372	16168	74	157	481
12:03:22.83	220	2640	16060	57	-39	490
12:03:22.83	-416	2308	16184	-179	335	506
12:03:22.86	-104	2716	15652	204	-38	469
12:03:22.86	-636	2840	15748	35	440	415
12:03:22.86	-456	3200	15684	244	-33	533
12:03:22.86	-176	2716	15796	-29	407	431
12:03:22.90	-440	2628	16320	-242	135	505
12:03:22.90	-772	2376	15376	283	89	430
12:03:22.93	-648	2788	16088	-19	603	393
12:03:22.93	-304	3208	15240	314	-502	500
12:03:22.97	-492	3072	15696	-237	634	230
12:03:22.97	80	2364	14860	256	-232	551
12:03:22.97	260	1880	15392	-118	884	371
12:03:23.00	-1004	2700	15728	157	-72	385
12:03:23.00	-320	3420	16076	-95	221	437
12:03:23.03	-528	2736	15776	223	0	351
12:03:23.03	-372	2460	14436	57	280	492
12:03:23.03	48	2060	15748	-105	547	406
12:03:23.07	-744	2884	15328	171	126	551
12:03:23.07	-764	2836	15416	35	426	365
12:03:23.10	204	2372	17120	-152	-90	465
12:03:23.10	-972	2472	15952	17	24	397
12:03:23.10	-1176	2600	14980	217	257	438
12:03:23.13	-512	3544	15216	114	181	419
12:03:23.13	-932	2852	15204	-157	-276	455
12:03:23.17	716	1940	16520	-74	553	344
12:03:23.17	244	2536	13988	346	-360	400
12:03:23.17	-68	2540	15848	-366	574	270
12:03:23.20	-340	3688	15664	522	-617	552
12:03:23.20	4	2848	13840	68	-7	123
12:03:23.24	220	2712	17008	-484	-259	423
12:03:23.24	948	2516	14700	705	-93	198
12:03:23.24	-132	3000	15064	-306	-38	198
12:03:23.27	164	3248	16636	355	63	206
12:03:23.27	-80	3428	15036	135	-457	240
12:03:23.27	488	2688	15128	46	-92	90
12:03:23.30	1236	3160	15956	91	-472	171
12:03:23.30	196	3476	15208	243	441	8
12:03:23.33	1424	3288	16536	-312	-403	155
12:03:23.33	316	3392	15640	196	-155	-58
12:03:23.37	1284	2748	15860	-45	-141	-24
12:03:23.37	1344	3424	15668	82	-10	11
12:03:23.37	1308	3976	14980	243	131	-135
12:03:23.40	856	3124	15232	-289	-154	-34
12:03:23.40	976	3052	15012	77	20	-233
12:03:23.43	1000	2448	16096	-234	126	-110
12:03:23.43	1048	3000	15636	119	-457	-113
12:03:23.43	532	3896	15548	15	284	-248
12:03:23.47	1412	3432	15516	152	-74	-194
12:03:23.47	672	2264	15824	-414	11	-211
12:03:23.50	724	2648	15112	527	-291	-326
12:03:23.50	1192	3500	14704	97	33	-320
12:03:23.50	660	3572	16904	-241	104	-285
12:03:23.53	1344	3096	16024	83	-289	-266
12:03:23.53	672	2052	15480	-22	602	-355
12:03:23.57	1388	2664	15888	103	10	-268
12:03:23.57	532	4144	14760	405	-45	-328
12:03:23.57	756	3652	15936	-149	63	-350
12:03:23.60	1524	3036	15000	351	-374	-286
12:03:23.60	1188	1892	14864	89	670	-435
12:03:23.64	864	2988	16296	-66	-45	-246
12:03:23.64	832	4296	18788	-100	739	3
12:03:23.64	628	3140	11492	1229	-763	-676
12:03:23.67	608	3408	15760	-1216	-560	-652
12:03:23.67	1384	1580	18584	31	946	-380
12:03:23.71	1148	3480	13544	960	-92	-218
12:03:23.71	720	4252	16168	-634	87	-705
12:03:23.71	1292	3480	17116	-62	-784	-375
12:03:23.74	1448	2428	12612	471	349	-695
12:03:23.74	680	3052	15720	-826	-165	-502
12:03:23.78	552	3720	15528	707	65	-425
12:03:23.78	220	3496	15100	-335	-16	-643
12:03:23.78	1192	2868	17468	-366	-81	-544
12:03:23.81	1792	2808	13596	608	-461	-547
12:03:23.81	864	2896	15740	-832	631	-705
12:03:23.84	1140	3740	16052	474	-224	-380
12:03:23.84	252	3352	14340	-5	603	-727
12:03:23.84	456	2764	15284	-276	-403	-533
12:03:23.88	1228	2384	15672	99	452	-576
12:03:23.88	508	2708	15464	169	360	-626
12:03:23.91	1464	3224	15800	-102	254	-442
12:03:23.91	420	2944	15792	-238	55	-548
12:03:23.94	640	2300	15320	256	34	-649
12:03:23.94	1628	2460	15976	-56	-85	-624
12:03:23.94	1300	2796	15204	161	-74	-552
12:03:23.98	1024	2936	15632	-58	615	-616
12:03:23.98	1548	2308	16412	-345	-353	-478
12:03:24.01	716	1812	15004	120	-5	-543
12:03:24.01	1884	1720	16864	-28	777	-607
12:03:24.01	1092	4004	15872	-114	-543	-277
12:03:24.05	-220	4492	15848	64	707	-603
12:03:24.05	1028	3056	15336	-23	-851	-461
12:03:24.08	312	2808	15864	-419	454	-541
12:03:24.08	716	2160	14760	507	4	-568
12:03:24.08	744	3064	14236	141	-322	-553
12:03:24.12	216	3224	14948	-29	7	-711
12:03:24.12	1704	2100	16848	-393	-195	-487
12:03:24.15	2200	3032	16420	-80	-114	-418
12:03:24.15	432	3032	14368	575	666	-574
12:03:24.15	1276	4916	16152	-162	-451	-355
12:03:24.19	364	3080	15052	295	304	-490
12:03:24.19	2716	952	16632	-512	435	-407
12:03:24.19	1020	2880	15160	240	-368	-441
12:03:24.22	544	3544	14980	397	686	-689
12:03:24.22	304	4108	16688	19	-297	-493
12:03:24.25	748	1848	16456	-102	56	-420
12:03:24.25	584	2848	15380	333	101	-728
12:03:24.29	640	2500	14428	351	298	-582
12:03:24.29	296	3456	17432	70	259	-434
12:03:24.29	632	2820	15408	697	188	-617
12:03:24.32	1176	2256	14852	-242	-538	-635
12:03:24.32	1308	2484	15772	42	205	-470
12:03:24.32	540	2572	14696	779	229	-515
12:03:24.36	116	3536	14916	236	-52	-300
12:03:24.36	1532	2108	17464	110	571	-467
12:03:24.36	1516	2084	14136	308	-1005	-291
12:03:24.39	1608	1108	17072	-362	1431	-457
12:03:24.39	376	1320	15584	591	-732	-272
12:03:24.43	1180	512	18404	-671	1033	-359
12:03:24.43	288	520	15304	258	-1362	-518
12:03:24.46	2304	-16	16300	-359	759	-404
12:03:24.46	896	1252	14840	219	-151	-306
12:03:24.46	948	2552	15936	-330	958	-336
12:03:24.49	88	3956	16220	-115	86	-248
12:03:24.49	612	3056	13088	357	65	-533
12:03:24.53	-476	3364	16728	-783	-4	-560
12:03:24.53	248	4672	14700	743	567	-134
12:03:24.53	-36	6724	9940	1168	65	-364
12:03:24.56	-2240	9040	15488	-63	949	-1020
12:03:24.56	24	4368	15324	-1156	-500	-883
12:03:24.59	-1576	7044	14524	1105	541	-750
12:03:24.59	-364	8312	10812	1619	-119	-207
12:03:24.63	-744	6432	17572	-882	264	-509
12:03:24.63	420	6380	15380	1098	434	-533
12:03:24.63	16	7036	11284	319	-671	-510
12:03:24.67	-368	5248	18128	-238	81	-139
12:03:24.67	-748	4920	15864	1261	1175	-308
12:03:24.70	408	5720	14024	704	-810	-233
12:03:24.70	-408	5212	17808	-874	509	-613
12:03:24.70	-268	4448	18652	42	-5	-109
12:03:24.73	-372	3568	15184	837	-174	-389
12:03:24.73	-240	5396	19812	-448	528	-426
12:03:24.77	-484	6712	18248	442	-984	-277
12:03:24.77	936	4852	13292	341	-40	-311
12:03:24.80	-32	4400	15120	8	134	-518
12:03:24.80	-1212	4468	13584	1064	197	-114
12:03:24.80	-324	5728	12816	-611	-1088	-625
12:03:24.83	-564	6436	15728	331	-426	-585
12:03:24.83	-1172	7112	16052	201	684	-260
12:03:24.83	-40	6428	12364	73	242	-79
12:03:24.87	-176	6776	13076	123	-1195	-423
12:03:24.87	-544	7340	15432	232	411	-397
12:03:24.90	884	7084	14192	-356	-278	-355
12:03:24.90	52	6676	13540	309	775	-312
12:03:24.90	-124	5848	13952	87	-550	-176
12:03:24.93	-488	6944	17232	-268	781	-277
12:03:24.93	908	7000	12648	1055	366	-177
12:03:24.97	936	5936	10496	-453	-628	-393
12:03:24.97	-672	5280	17504	-1180	622	-289
12:03:25.01	-848	4416	16084	584	213	-220
12:03:25.01	-524	6448	14060	667	-475	-446
12:03:25.01	-88	6484	15384	-219	-538	-758
12:03:25.04	-464	5904	15868	-188	1100	-326
12:03:25.04	-56	5580	13568	233	464	-51
12:03:25.04	180	5996	12244	-33	-172	-510
12:03:25.08	-848	6604	16660	-705	237	-566
12:03:25.08	480	7300	13308	925	292	-239
12:03:25.12	392	6108	10916	53	203	-387
12:03:25.12	-380	5824	11600	-557	286	-466
12:03:25.12	-312	7096	14348	-698	-42	-348
12:03:25.15	-584	7392	15220	-289	184	-195
12:03:25.15	-540	7168	13136	-42	391	-132
12:03:25.15	-44	5588	15856	-1060	-774	-352
12:03:25.19	-708	6468	18216	-773	-262	-353
12:03:25.19	-1412	7408	14408	355	27	-21
12:03:25.22	-1960	8000	16236	-1303	-986	-819
12:03:25.22	-1864	6932	15132	-103	172	-821
12:03:25.25	-636	5272	12076	-295	-926	-720
12:03:25.25	732	4380	15564	-1277	-1171	-462
12:03:25.25	-996	6416	17352	-154	605	-24
12:03:25.29	-844	8228	14452	316	-446	-30
12:03:25.29	88	6536	13068	-303	-945	-698
12:03:25.32	1880	4492	16552	-698	-847	-606
12:03:25.32	1760	5868	16852	-90	1434	-389
12:03:25.36	1028	8248	14656	301	121	473
12:03:25.36	-632	8272	13924	-40	453	-314
12:03:25.36	-1256	7236	12900	290	304	-417
12:03:25.39	60	4992	14340	-651	-1545	-740
12:03:25.39	-200	6332	18104	-131	1106	-834
12:03:25.39	-540	8048	14696	923	-37	472
12:03:25.43	-1500	8256	17412	-988	546	-564
12:03:25.43	-2284	7644	15512	234	254	-813
12:03:25.46	-904	8172	14104	489	-97	-1029
12:03:25.46	620	6484	14660	-468	-463	-565
12:03:25.46	732	6568	13148	203	599	-72
12:03:25.49	-1696	8032	12088	977	608	71
12:03:25.49	-1224	7220	9344	501	717	-670
12:03:25.53	-1352	6528	11424	135	125	-840
12:03:25.53	344	6068	14772	-662	343	-582
12:03:25.53	852	7116	14044	1940	274	482
12:03:25.57	-1536	6500	13628	-859	234	-563
12:03:25.57	-2424	6124	17848	143	599	-867
12:03:25.60	-800	6652	15004	1328	-753	-636
12:03:25.60	-496	7496	14868	867	452	-660
12:03:25.60	-792	7752	15616	-664	629	-112
12:03:25.64	-1564	7180	14664	492	592	98
12:03:25.64	-1640	8240	14644	586	-420	-556
12:03:25.67	-1224	8264	18664	-242	-728	-886
12:03:25.67	636	7804	13548	1057	824	-776
12:03:25.67	-312	9156	18500	-1597	-161	53
12:03:25.70	-1840	8136	10864	2076	816	381
12:03:25.70	-1176	6648	14580	-717	-874	-632
12:03:25.74	-2340	7060	17452	-15	-16	-836
12:03:25.74	-676	7972	15184	346	-623	-1230
12:03:25.74	168	9280	14848	-338	58	-12
12:03:25.77	-1788	7956	11612	1197	8	425
12:03:25.77	-2096	7060	13064	-410	68	-1046
12:03:25.81	-2208	7080	17116	-468	-332	-799
12:03:25.81	836	7628	14148	968	-1103	-867
12:03:25.81	1368	9352	11912	702	895	-53
12:03:25.84	-648	7912	14852	-1333	166	121
12:03:25.84	-2664	7232	15724	329	862	-501
12:03:25.87	576	7536	12132	708	-1503	-292
12:03:25.87	24	8552	14108	166	1219	-605
12:03:25.91	48	8712	12764	-587	-68	-331
12:03:25.91	-1484	7956	15488	-232	1495	8
12:03:25.91	-1828	9328	18752	-204	-618	-524
12:03:25.94	364	9032	10868	1039	430	-824
12:03:25.94	-2468	9936	17428	-691	366	-825
12:03:25.98	440	8200	9732	492	906	-211
12:03:25.98	-2188	8968	16292	-1255	-52	-313
12:03:25.98	-1792	9028	15924	1239	1127	-419
12:03:26.01	424	8544	11272	-464	-312	-970
12:03:26.01	-484	7400	17532	-1253	-878	-520
12:03:26.04	-1780	6872	11804	1447	2073	148
12:03:26.04	-2644	9552	19384	-1637	-1020	-1044
12:03:26.08	-612	8168	11344	1382	691	-959
12:03:26.08	188	7536	16796	-1782	-1466	-971
12:03:26.11	-24	6832	13164	1642	2570	112
12:03:26.11	-2652	8164	13840	-966	-1746	-699
12:03:26.11	-2828	9664	19744	101	1506	-705
12:03:26.15	336	8160	11404	430	-1823	-1536
12:03:26.15	-1512	8392	16588	-725	821	-1093
12:03:26.15	-424	9380	14144	780	145	646
12:03:26.18	-2036	8792	12440	220	345	-486
12:03:26.18	-2632	7880	14336	-121	149	-808
12:03:26.22	-1320	7252	13148	333	77	-1362
12:03:26.22	-708	8724	16264	490	-659	-598
12:03:26.25	880	7260	12060	-49	1239	28
12:03:26.25	-2348	7996	16684	-57	295	76
12:03:26.25	-1348	6772	11208	892	638	-532
12:03:26.29	-1768	8128	15148	-499	-951	-912
12:03:26.29	-328	7868	16804	304	1533	-828
12:03:26.29	648	9596	14308	735	81	-22
12:03:26.33	-1576	9152	12808	28	517	235
12:03:26.33	-2324	7812	16144	-56	397	-1119
12:03:26.36	-1160	7124	15744	21	-241	-708
12:03:26.36	-404	7908	14876	928	-274	-919
12:03:26.36	-272	9720	13588	696	870	-230
12:03:26.39	-1240	8584	14740	-1488	1000	-324
12:03:26.39	-2876	7952	14416	1037	-200	-385
12:03:26.39	-1640	7488	11788	-109	486	-498
12:03:26.43	-1520	7748	13128	-78	-733	-1271
12:03:26.43	-1024	9768	14500	-144	1346	-341
12:03:26.47	-1340	9184	14860	-275	235	-130
12:03:26.47	-2000	8028	13644	-510	373	-433
12:03:26.50	-2312	7100	13404	-203	125	-529
12:03:26.50	-1840	8612	15728	-311	68	-540
12:03:26.53	-1472	9256	15692	70	281	-525
12:03:26.53	-1340	8892	13792	-50	112	-488
12:03:26.53	-2692	8580	14828	-1070	351	-535
12:03:26.57	-1400	7668	14284	95	122	-375
12:03:26.57	-1412	8712	15176	-82	-119	-255
12:03:26.60	-1080	8532	14724	142	260	-477
12:03:26.60	-2048	8236	12260	10	280	-410
12:03:26.60	-1736	7924	13724	-764	181	-578
12:03:26.63	-1712	7908	14168	7	-169	-279
12:03:26.63	-2240	7180	15488	-619	295	-594
12:03:26.67	-1192	8484	13948	744	580	-140
12:03:26.67	-1152	8028	10160	571	-204	261
12:03:26.70	-1500	5784	15468	-1956	602	-1262
12:03:26.70	-2332	6852	19148	409	79	-168
12:03:26.70	532	6884	10180	1037	-1098	-243
12:03:26.74	-2268	8912	19876	-1113	410	-403
12:03:26.74	-1452	6652	14204	1040	955	127
12:03:26.77	-1136	4768	14884	-864	-604	-300
12:03:26.77	-1056	5572	16968	644	-338	-252
12:03:26.80	620	6328	13888	495	381	-437
12:03:26.80	-984	5512	15804	-513	-41	60
12:03:26.80	-1584	3924	15156	-257	746	107
12:03:26.83	-1916	4584	16324	-307	-141	-224
12:03:26.83	-268	5444	16276	204	-136	-345
12:03:26.87	1476	4328	12100	196	213	-315
12:03:26.87	-972	3724	16036	-1399	140	-200
12:03:26.87	-1184	4200	15936	-36	1116	310
12:03:26.91	-1004	4628	14252	98	-604	-407
12:03:26.91	-16	4064	15572	-603	-473	-479
12:03:26.94	584	3716	15124	-767	496	-158
12:03:26.94	-204	4024	15064	-372	1147	6
12:03:26.94	-1100	4024	14696	-566	-328	177
12:03:26.98	-1248	3808	17100	-893	479	-481
12:03:26.98	160	4280	13744	786	-572	-291
12:03:27.01	568	3064	13092	-714	196	-84
12:03:27.01	-820	1932	16644	-1201	876	11
12:03:27.01	-1128	3320	14828	291	-677	28
12:03:27.04	-1920	4088	16916	-274	-248	-456
12:03:27.04	-68	3312	13232	705	-732	-190
12:03:27.08	-780	2060	13452	-487	-543	-464
12:03:27.08	-312	2860	15452	259	414	52
12:03:27.08	-96	4324	16468	-63	-181	36
12:03:27.11	-312	2852	15140	493	270	-346
12:03:27.11	432	3044	15808	-249	-721	-69
12:03:27.14	672	2536	14724	397	1014	-237
12:03:27.14	196	2988	14976	278	-59	51
12:03:27.14	224	3596	16496	-106	299	97
12:03:27.18	-324	2364	15212	338	-98	-108
12:03:27.18	460	2416	15836	-4	-259	-249
12:03:27.21	164	2516	15892	370	396	-42
12:03:27.21	492	3536	15064	213	583	237
12:03:27.21	-1292	2440	16120	-811	83	46
12:03:27.24	-1676	1724	18336	145	90	-371
12:03:27.24	-1332	3100	14428	764	-592	-465
12:03:27.28	180	2928	15156	-284	-117	-243
12:03:27.28	4	2688	18768	-782	458	235
12:03:27.28	-836	2176	15828	197	1003	-54
12:03:27.32	-856	2684	15220	-45	-1558	-191
12:03:27.32	188	1932	15892	-35	-408	-394
12:03:27.32	1588	2760	15072	36	-295	-195
12:03:27.35	604	2932	16144	-344	627	57
12:03:27.35	-472	2464	15384	-562	-194	237
12:03:27.39	-108	3060	15400	-5	-124	22
12:03:27.39	24	1680	13416	447	-626	-189
12:03:27.39	-60	2616	15116	-396	1	-130
12:03:27.43	420	3028	15076	141	60	141
12:03:27.43	-784	2340	15116	-583	106	-38
12:03:27.43	-608	1848	15472	262	-404	166
12:03:27.46	-96	1148	13828	151	-390	-241
12:03:27.46	480	2156	15560	106	-317	-363
12:03:27.49	1012	2084	16248	39	-139	72
12:03:27.49	304	1152	14676	-205	328	149
12:03:27.49	-76	228	16492	-876	-625	-17
12:03:27.53	-112	836	15480	928	455	-309
12:03:27.53	1060	1460	14688	187	-1048	-70
12:03:27.56	2352	1684	15152	-803	527	-54
12:03:27.56	240	-88	16440	-465	674	-64
12:03:27.60	580	324	13560	337	-589	559
12:03:27.60	460	-4	15420	-365	-132	-246
12:03:27.60	268	368	17236	-234	85	-432
12:03:27.63	1408	1036	16040	-188	-1073	-81
12:03:27.63	1028	-84	13848	62	972	-30
12:03:27.67	-4	-380	15460	-954	-369	231
12:03:27.67	472	-1212	16156	-309	-161	-28
12:03:27.67	204	-220	18000	-101	-692	-221
12:03:27.70	1584	172	16636	-47	278	-36
12:03:27.70	1628	-1800	15968	-589	-169	-67
12:03:27.70	768	-1284	16984	-337	144	111
12:03:27.74	532	-200	17004	149	-579	25
12:03:27.74	1352	-648	15540	48	-268	-268
12:03:27.77	2020	-1060	17724	-435	-436	-110
12:03:27.77	1064	-1424	15880	-21	888	-318
12:03:27.77	2376	-340	15644	-38	-658	386
12:03:27.81	2016	-1276	16068	-371	949	-113
12:03:27.81	1200	-1488	17512	-9	343	-401
12:03:27.84	2656	-376	17080	119	255	13
12:03:27.84	1984	-128	15696	813	905	-123
12:03:27.88	820	-1044	16648	-520	253	-31
12:03:27.88	1692	-2756	17428	30	599	-146
12:03:27.88	1876	-1044	16404	853	-19	-127
12:03:27.91	1240	-1628	16068	275	510	-93
12:03:27.91	432	-2000	17716	-131	583	-281
12:03:27.94	732	-1976	17416	654	315	-32
12:03:27.94	1296	-592	16712	545	-456	-258
12:03:27.94	1184	-748	18600	38	476	-414
12:03:27.98	2896	-2400	16784	217	71	-116
12:03:27.98	848	-1784	17796	48	796	-199
12:03:27.98	1408	-1296	17024	472	-8	-31
12:03:28.01	1280	-1600	17324	-90	4	-392
12:03:28.01	2396	-1936	17944	71	581	-237
12:03:28.05	2576	-1148	15388	379	-9	38
12:03:28.05	1864	-2216	16264	-117	792	-89
12:03:28.05	2500	-3108	18484	-646	-95	-2
12:03:28.08	2004	-1516	16188	1015	728	-257
12:03:28.08	1300	-1304	18076	-667	359	-81
12:03:28.08	1472	-2920	17544	-743	421	-76
12:03:28.12	1096	-3472	18060	124	407	-52
12:03:28.12	1324	-1792	14308	898	-629	-66
12:03:28.15	892	-1376	15520	-216	-31	-479
12:03:28.15	1876	-2884	17040	-609	160	5
12:03:28.19	2056	-2692	16884	-106	371	7
12:03:28.19	980	-2556	15568	48	-78	-124
12:03:28.19	216	-2108	17268	-391	251	-303
12:03:28.22	1720	-2552	16308	87	-443	-67
12:03:28.22	1592	-3284	16904	-120	72	-172
12:03:28.22	2092	-1720	15496	68	-209	-27
12:03:28.26	2448	-2192	16120	-202	417	-77
12:03:28.26	1316	-2196	17784	-208	287	133
12:03:28.29	1580	-2912	14980	252	477	-70
12:03:28.29	1064	-2892	16388	-446	-60	-176
12:03:28.29	1092	-2680	17792	-237	1125	-39
12:03:28.32	1488	-2528	15672	77	-29	67
12:03:28.36	436	-2272	17396	-262	402	-57
12:03:28.36	1416	-1876	15784	215	-180	25
12:03:28.36	1568	-2608	16544	-253	486	-7
12:03:28.39	1808	-3484	16364	-61	-74	-21
12:03:28.39	292	-2692	16204	-2	366	-11
12:03:28.39	272	-3008	16032	-224	-139	-127
12:03:28.43	1228	-3720	17964	-547	43	115
12:03:28.43	1128	-3460	15632	381	310	-131
12:03:28.46	508	-2572	16472	-194	-258	-40
12:03:28.46	2368	-2792	16160	-156	64	260
12:03:28.46	960	-2592	15780	-292	514	83
12:03:28.50	1296	-2980	17068	-222	-260	221
12:03:28.50	1032	-2336	16536	359	589	74
12:03:28.53	1300	-2632	16280	-321	-318	109
12:03:28.53	2324	-3896	16632	-426	-1175	246
12:03:28.57	280	-2172	16792	316	1088	-121
12:03:28.57	944	-3720	16992	-257	-691	79
12:03:28.57	2396	-3648	17116	-236	227	259
12:03:28.60	1504	-2672	15936	142	113	37
12:03:28.60	1452	-1772	17192	-348	354	230
12:03:28.60	1568	-2816	17476	-261	649	247
12:03:28.63	1104	-2576	16036	197	-53	7
12:03:28.63	1284	-2596	16768	-339	-679	28
12:03:28.67	760	-2324	16008	358	487	-256
12:03:28.67	1592	-3560	16776	-723	-251	108
12:03:28.67	2656	-3184	18004	-53	958	303
12:03:28.70	1156	-2544	16464	353	490	98
12:03:28.70	1524	-1936	17368	-266	-14	120
12:03:28.74	1552	-2792	16236	225	-112	-65
12:03:28.74	1380	-2400	16356	-87	-350	1
12:03:28.77	1840	-2452	16252	328	282	194
12:03:28.77	1344	-3576	16236	-200	694	95
12:03:28.77	1516	-3164	16512	67	-59	187
12:03:28.81	1312	-3036	16280	254	340	19
12:03:28.81	1216	-2932	16740	-56	19	-46
12:03:28.84	1848	-3028	16352	178	391	128
12:03:28.84	936	-3112	16560	102	443	-18
12:03:28.84	1304	-2828	17488	-171	51	158
12:03:28.87	1780	-2828	17012	230	254	112
12:03:28.87	2172	-2736	14628	515	41	-46
12:03:28.91	1184	-3276	17548	-406	286	75
12:03:28.91	2184	-1868	17408	218	-145	303
12:03:28.91	-212	-2624	15480	828	176	-119
12:03:28.94	1200	-3056	14264	-338	-1128	-154
12:03:28.94	1256	-3072	20632	-870	46	93
12:03:28.97	2252	-2452	16484	1221	55	385
12:03:28.97	1536	-2300	14536	71	-543	-210
12:03:28.97	252	-3324	18052	-369	-681	-87
12:03:29.01	1800	-1856	18332	221	841	398
12:03:29.01	2588	-2144	13320	813	-528	-45
12:03:29.04	1236	-3128	17108	-849	-58	-173
12:03:29.04	2180	-2448	20132	36	48	530
12:03:29.04	1952	-2752	12944	841	-75	-159
12:03:29.08	2128	-2328	18716	-1116	-1121	-30
12:03:29.08	2628	-2452	17620	862	1262	280
12:03:29.11	1704	-2852	12972	41	-839	-141
12:03:29.11	748	-2548	19320	-793	-43	15
12:03:29.15	2252	-3480	16168	538	253	-64
12:03:29.15	2792	-2912	15760	-58	-491	-136
12:03:29.15	2376	-2736	19340	-537	425	-5
12:03:29.18	1872	-2256	15148	564	433	108
12:03:29.18	1364	-2496	17116	-762	-590	-120
12:03:29.18	1968	-2624	17860	254	591	-134
12:03:29.22	2856	-2880	14764	174	-381	-172
12:03:29.22	1508	-1884	19180	-642	414	-116
12:03:29.25	1996	-2144	16020	554	38	60
12:03:29.25	1496	-3244	17436	-595	-61	-363
12:03:29.29	1820	-2792	17492	268	-88	-81
12:03:29.29	2152	-2720	16300	-25	314	-139
12:03:29.29	2268	-2216	17368	-89	38	4
12:03:29.32	1464	-3292	16212	68	206	-158
12:03:29.32	1624	-2724	17280	-284	-143	-99
12:03:29.35	2448	-3236	16220	467	9	-128
12:03:29.35	1864	-2992	17724	-440	-42	-204
12:03:29.35	2732	-1740	17164	329	404	148
12:03:29.39	428	-2788	14924	22	196	-47
12:03:29.39	868	-1976	15096	268	-396	-24
12:03:29.39	2152	-3344	17104	-738	154	-271
12:03:29.42	1604	-2684	18176	232	-365	-18
12:03:29.42	2008	-2092	15372	484	424	28
12:03:29.46	924	-2296	16940	-186	-516	-34
12:03:29.46	1264	-3812	16228	127	53	-256
12:03:29.49	2480	-2056	16796	144	-259	54
12:03:29.49	2324	-3084	14292	306	460	-256
12:03:29.49	1584	-2492	18848	-952	-367	12
12:03:29.53	1108	-2784	15004	673	534	-33
12:03:29.53	1828	-3648	15668	-287	-510	-243
12:03:29.56	2268	-2380	18692	-332	66	67
12:03:29.56	2088	-3032	16500	277	910	19
12:03:29.56	1520	-2608	16428	-457	-156	84
12:03:29.60	648	-2876	17528	-75	511	-24
12:03:29.60	1088	-2836	16216	166	-72	92
12:03:29.63	1856	-3256	17208	-54	399	18
12:03:29.63	1352	-2452	16896	-110	352	296
12:03:29.63	1024	-2992	16876	111	984	171
12:03:29.66	756	-2940	16892	-274	-154	350
12:03:29.66	272	-3108	17316	81	373	67
12:03:29.70	1292	-2976	16424	-47	-133	383
12:03:29.70	592	-2956	16936	-124	889	171
12:03:29.70	932	-2860	16508	4	-96	562
12:03:29.74	488	-3560	17108	-142	1022	262
12:03:29.74	716	-3304	15896	-52	45	391
12:03:29.77	1000	-3392	16832	-17	403	350
12:03:29.77	776	-2596	17424	-218	467	609
12:03:29.77	352	-3316	16556	260	414	497
12:03:29.80	492	-3008	16064	-200	101	742
12:03:29.80	44	-2616	17208	-37	651	542
12:03:29.84	952	-3356	16272	37	-105	783
12:03:29.84	256	-2672	17140	-260	655	688
12:03:29.84	-172	-2136	16192	201	168	822
12:03:29.87	56	-2492	17012	-278	506	779
12:03:29.87	-232	-2028	16368	43	326	896
12:03:29.87	28	-2072	16648	-70	590	866
12:03:29.91	-376	-1744	16024	32	171	1020
12:03:29.91	-536	-1456	16672	-275	749	990
12:03:29.94	-424	-1564	15388	368	261	1048
12:03:29.94	-492	-976	16000	-270	163	1052
12:03:29.94	-640	-1056	16012	138	475	1140
12:03:29.98	-536	-564	15360	104	366	1268
12:03:29.98	-572	-904	15632	-29	309	1213
12:03:29.98	-856	16	16084	-10	421	1238
12:03:30.01	-80	-204	15808	132	116	1317
12:03:30.01	-916	76	15396	48	482	1360
12:03:30.05	-716	228	15700	31	247	1439
12:03:30.05	-664	396	16116	35	344	1444
12:03:30.05	-512	608	15804	222	224	1488
12:03:30.08	-340	676	15136	45	143	1449
12:03:30.08	-488	732	15920	-43	268	1422
12:03:30.12	-496	736	16612	50	224	1480
12:03:30.12	-592	1032	15524	314	115	1531
12:03:30.12	-816	1712	15244	166	386	1556
12:03:30.15	-332	1292	14908	-76	-387	1579
12:03:30.15	-292	816	16588	-60	96	1426
12:03:30.15	428	1012	14868	390	-180	1573
12:03:30.19	-200	2020	16620	-232	388	1459
12:03:30.19	-512	1964	16048	151	182	1549
12:03:30.23	244	2092	15844	260	-116	1505
12:03:30.23	476	1944	16076	-166	-83	1333
12:03:30.23	820	2144	15892	281	323	1390
12:03:30.26	1480	2044	16564	-254	-252	1453
12:03:30.26	1192	2304	16912	328	796	1201
12:03:30.30	552	1748	16808	-254	76	1175
12:03:30.30	1876	1672	16564	137	255	1238
12:03:30.30	1116	1336	16348	29	747	1043
12:03:30.33	1084	1612	17184	-206	444	1108
12:03:30.33	1776	2332	17220	291	536	1004
12:03:30.37	784	2228	17456	-274	1359	826
12:03:30.37	1476	2548	17388	81	724	961
12:03:30.37	804	2660	16888	130	1333	699
12:03:30.40	492	2108	16336	-70	1009	788
12:03:30.40	1764	2012	16236	160	802	824
12:03:30.44	1140	1744	15160	233	1266	636
12:03:30.44	1640	1880	15492	-32	788	705
12:03:30.44	940	2672	16196	353	1123	775
12:03:30.47	808	2020	14280	208	900	657
12:03:30.47	688	1620	15660	-205	624	504
12:03:30.47	376	1180	14976	391	739	548
12:03:30.50	240	1644	14664	178	618	521
12:03:30.50	352	1636	15144	13	372	498
12:03:30.54	244	1568	14920	369	577	395
12:03:30.54	852	1340	14452	27	-129	356
12:03:30.54	776	856	15108	64	655	293
12:03:30.58	696	1228	14536	288	-26	325
12:03:30.58	772	1164	15708	-255	259	269
12:03:30.58	732	1020	15504	366	-245	205
12:03:30.62	1296	824	14704	45	-160	142
12:03:30.62	1812	452	15652	-26	-110	130
12:03:30.65	1308	916	15440	204	144	201
12:03:30.65	1560	712	15680	-164	-96	137
12:03:30.65	1720	488	15808	66	-361	120
12:03:30.69	1404	380	15156	-22	113	5
12:03:30.69	1892	532	15796	-33	-646	50
12:03:30.69	1676	416	16252	15	229	6
12:03:30.72	1840	652	15536	35	-477	-22
12:03:30.72	2148	384	16052	-158	-160	-130
12:03:30.72	2044	448	16316	-102	-259	-175
12:03:30.76	2712	548	15516	128	-125	-219
12:03:30.76	2056	444	16020	-176	-218	-254
12:03:30.80	1928	700	16680	-77	65	-290
12:03:30.80	2784	352	15916	79	-512	-312
12:03:30.80	2172	104	16188	-196	340	-512
12:03:30.83	2740	624	16828	17	-468	-409
12:03:30.83	2692	392	15900	222	79	-591
12:03:30.83	2268	432	16932	-386	-212	-662
12:03:30.86	2792	632	16088	310	-222	-662
12:03:30.86	2424	-72	16272	-194	-15	-811
12:03:30.90	2340	564	17396	13	-71	-750
12:03:30.90	3076	-68	16464	178	59	-788
12:03:30.93	1880	264	16932	-174	265	-879
12:03:30.93	2716	612	16616	187	-128	-874
12:03:30.93	1776	-156	16192	-31	630	-966
12:03:30.97	2256	64	16804	-78	-105	-958
12:03:30.97	1696	144	16912	16	324	-987
12:03:30.97	1688	-496	17148	34	220	-1087
12:03:31.00	2244	72	16316	109	-29	-964
12:03:31.00	1200	-532	16256	-44	845	-1129
12:03:31.04	1600	-112	16380	172	-285	-1071
12:03:31.04	1904	108	16228	57	390	-1101
12:03:31.04	1128	-8	16376	-7	338	-1086
12:03:31.07	1728	-308	16176	65	200	-961
12:03:31.07	804	-516	16376	2	351	-1136
12:03:31.11	852	-704	16248	120	72	-1046
12:03:31.11	1376	-236	16376	126	100	-1025
12:03:31.11	896	-272	16220	110	328	-976
12:03:31.14	1352	-272	16156	89	104	-935
12:03:31.14	748	-336	15672	116	364	-994
12:03:31.17	652	-688	16196	16	52	-948
12:03:31.17	692	0	16352	194	0	-917
12:03:31.17	708	-48	15280	302	163	-941
12:03:31.21	332	-280	16036	-179	93	-950
12:03:31.21	400	-360	16068	198	-75	-904
12:03:31.24	400	-256	15452	216	159	-915
12:03:31.24	640	-160	15988	60	-284	-847
12:03:31.24	760	-108	16128	106	-20	-878
12:03:31.28	1028	-76	15688	203	-402	-803
12:03:31.28	544	-220	15964	-1	132	-862
12:03:31.28	1084	4	15816	195	-364	-724
12:03:31.31	372	-36	16376	11	39	-781
12:03:31.31	800	-356	16492	83	-366	-687
12:03:31.35	848	-272	15912	161	-202	-721
12:03:31.35	808	-36	16340	-63	16	-697
12:03:31.35	316	232	16196	230	-145	-639
12:03:31.38	776	568	16080	51	-184	-701
12:03:31.38	656	672	16324	114	-213	-694
12:03:31.42	1060	652	15716	99	-149	-613
12:03:31.42	788	1324	16024	66	41	-629
12:03:31.42	304	1984	15860	179	-67	-599
12:03:31.45	612	2288	15672	179	-252	-640
12:03:31.45	420	2312	15884	79	-103	-713
12:03:31.48	472	2264	15536	163	-172	-611
12:03:31.48	284	2428	15520	123	47	-662
12:03:31.48	12	2624	15980	138	-162	-676
12:03:31.52	32	2876	15968	199	-135	-697
12:03:31.52	660	2684	15916	240	-391	-772
12:03:31.55	316	2636	15696	96	284	-734
12:03:31.55	176	2572	15580	94	-35	-685
12:03:31.55	60	2660	15952	7	289	-696
12:03:31.59	124	2768	15844	250	-153	-606
12:03:31.59	288	2592	15600	89	88	-695
12:03:31.59	524	2560	15760	102	-16	-594
12:03:31.62	172	2904	15704	84	396	-565
12:03:31.62	-76	2684	15508	-15	154	-542
12:03:31.66	-12	2824	15428	149	159	-607
12:03:31.66	-112	2696	15440	19	-56	-582
12:03:31.66	84	2524	15720	15	315	-625
12:03:31.69	-116	2780	15404	111	184	-546
12:03:31.69	-184	2788	15524	-34	243	-574
12:03:31.72	-84	2588	15100	127	-102	-566
12:03:31.72	-36	2616	15244	17	48	-625
12:03:31.72	208	2792	15284	113	22	-553
12:03:31.76	-20	2936	15104	43	136	-552
12:03:31.76	-108	2972	15308	82	-124	-551
12:03:31.76	-124	2832	15396	68	-104	-589
12:03:31.80	164	2892	15576	103	-220	-593
12:03:31.80	364	2896	15292	158	-20	-596
12:03:31.83	0	3032	15320	-83	-40	-568
12:03:31.83	0	3056	15716	80	-146	-521
12:03:31.83	76	2980	15628	97	-184	-559
12:03:31.86	168	2972	15628	64	-153	-586
12:03:31.86	296	3028	15628	75	-23	-524
12:03:31.90	116	3068	15740	-17	78	-497
12:03:31.90	48	3016	15700	55	-14	-488
12:03:31.90	144	2784	15772	53	-68	-501
12:03:31.94	120	2976	15600	104	-49	-486
12:03:31.94	356	2832	15560	-13	49	-533
12:03:31.94	240	2872	15416	47	60	-470
12:03:31.97	40	3020	15300	28	31	-525
12:03:31.97	252	2628	15656	-5	-45	-513
12:03:32.00	228	2696	15564	88	14	-527
12:03:32.00	140	2964	15544	48	-35	-448
12:03:32.00	188	2840	15388	28	4	-512
12:03:32.04	-72	2720	15616	14	21	-516
12:03:32.04	188	2816	15456	90	-144	-444
12:03:32.08	236	2832	15580	17	-47	-522
12:03:32.08	228	2844	15636	123	-54	-545
12:03:32.08	0	2992	15516	42	-45	-544
12:03:32.08	52	2852	15716	-35	-1	-524
12:03:32.11	92	2768	15360	180	-129	-500
12:03:32.11	296	3072	15420	44	-77	-522
12:03:32.15	188	2856	15748	-6	31	-496
12:03:32.15	268	2780	15556	70	-109	-494
12:03:32.15	156	3036	15464	130	92	-528
12:03:32.18	12	2824	15492	-2	-164	-470
12:03:32.18	348	2956	15784	38	10	-489
12:03:32.18	120	2840	15524	153	19	-480
12:03:32.22	216	2796	15508	-2	-57	-468
12:03:32.22	328	2884	15548	110	38	-472
12:03:32.25	36	2872	15284	101	-20	-493
12:03:32.25	340	2832	15520	-70	-85	-469
12:03:32.25	128	2928	15736	123	105	-490
12:03:32.29	84	2976	15612	63	-49	-458
12:03:32.29	268	2952	15516	13	-51	-455
12:03:32.29	-68	2840	15524	104	14	-490
12:03:32.32	272	2964	15320	74	-81	-482
12:03:32.32	160	2928	15852	-77	60	-432
12:03:32.36	64	2792	15860	131	53	-457
12:03:32.36	-24	2756	15288	83	-116	-462
12:03:32.36	88	2888	15644	4	72	-512
12:03:32.39	204	2784	15456	94	-154	-455
12:03:32.39	180	2912	15532	0	168	-489
12:03:32.39	128	2976	15680	13	-90	-425
12:03:32.43	352	2968	15556	107	123	-465
12:03:32.43	4	2932	15288	60	-48	-470
12:03:32.46	332	3076	15420	55	-17	-469
12:03:32.46	280	2792	15468	23	45	-486
12:03:32.46	-64	2856	15532	85	54	-465
12:03:32.50	128	3036	15564	33	-44	-420
12:03:32.50	188	2876	15356	109	22	-442
12:03:32.53	-56	2972	15512	35	-45	-450
12:03:32.53	152	2984	15644	62	33	-405
12:03:32.53	-36	2820	15648	58	34	-422
12:03:32.57	172	2936	15608	54	-39	-430
12:03:32.57	36	2944	15420	65	49	-426
12:03:32.57	212	2816	15592	-1	-67	-438
12:03:32.60	132	2928	15660	92	82	-427
12:03:32.60	12	2920	15528	31	1	-366
12:03:32.64	100	3064	15564	-19	-3	-415
12:03:32.64	104	2876	15512	44	-41	-371
12:03:32.64	216	2904	15344	96	3	-405
12:03:32.67	284	2928	15368	-16	-24	-354
12:03:32.67	120	3116	15708	31	191	-439
12:03:32.71	-72	2984	15628	-4	-130	-345
12:03:32.71	120	3084	15512	121	72	-409
12:03:32.71	232	2932	15388	21	-125	-355
12:03:32.71	280	2920	15364	-2	227	-396
12:03:32.74	216	3128	15748	13	-29	-367
12:03:32.74	56	2916	15652	16	213	-359
12:03:32.78	152	2972	15260	136	-166	-383
12:03:32.78	244	3128	15448	5	126	-377
12:03:32.78	376	2832	15648	-8	-54	-372
12:03:32.81	192	2832	15620	76	193	-383
12:03:32.81	148	2940	15400	1	-51	-326
12:03:32.85	108	2804	15708	6	66	-370
12:03:32.85	180	2920	15504	145	-86	-347
12:03:32.85	240	2988	15484	-27	127	-374
12:03:32.88	76	2832	15784	-39	42	-344
12:03:32.88	52	2892	15556	95	78	-383
12:03:32.92	124	2880	15628	-26	-29	-317
12:03:32.92	208	2776	15612	48	51	-303
12:03:32.92	100	2864	15376	79	37	-308
12:03:32.95	100	3072	15608	-50	79	-325
12:03:32.95	120	2960	15664	8	56	-304
12:03:32.95	116	2836	15476	63	23	-342
12:03:32.98	116	3004	15452	-13	5	-271
12:03:32.98	152	2836	15492	31	69	-292
12:03:33.02	148	2828	15508	37	109	-281
12:03:33.02	216	3048	15572	33	41	-256
12:03:33.02	32	2824	15564	-9	71	-275
12:03:33.05	220	2884	15464	119	-6	-299
12:03:33.05	56	2920	15516	20	103	-252
12:03:33.05	188	2768	15820	3	46	-264
12:03:33.09	152	2744	15652	42	55	-262
12:03:33.09	112	2752	15392	87	101	-278
12:03:33.09	100	2832	15652	-79	-43	-269
12:03:33.13	280	2652	15664	84	174	-290
12:03:33.13	144	2880	15464	100	-34	-230
12:03:33.16	344	2976	15504	-43	150	-248
12:03:33.16	144	2768	15576	55	20	-227
12:03:33.16	148	2856	15484	-5	118	-246
12:03:33.20	344	2952	15676	-13	58	-228
12:03:33.20	124	2804	15468	80	94	-229
12:03:33.20	304	2828	15396	8	49	-254
12:03:33.23	88	2900	15612	-31	185	-186
12:03:33.23	152	2712	15540	61	17	-176
12:03:33.26	-16	2912	15456	47	214	-220
12:03:33.26	100	2852	15524	-11	9	-236
12:03:33.26	120	2724	15592	22	105	-196
12:03:33.30	16	2940	15572	49	64	-174
12:03:33.30	88	2908	15608	-1	141	-148
12:03:33.30	132	2812	15620	-18	38	-236
12:03:33.33	-24	2852	15648	58	168	-216
12:03:33.33	112	2844	15380	52	-17	-161
12:03:33.37	36	2852	15696	-69	121	-187
12:03:33.37	192	2864	15724	68	133	-158
12:03:33.37	156	2764	15460	6	2	-175
12:03:33.40	168	2768	15844	-39	146	-180
12:03:33.40	4	2768	15516	122	73	-119
12:03:33.43	40	3044	15404	-5	92	-136
12:03:33.43	276	3124	15648	35	72	-159
12:03:33.43	48	3112	15544	9	122	-101
12:03:33.47	260	2852	15380	4	66	-121
12:03:33.47	52	2976	15732	-37	89	-130
12:03:33.50	200	3016	15636	67	89	-173
12:03:33.50	52	3200	15388	67	105	-114
12:03:33.50	140	3148	15660	-43	91	-126
12:03:33.53	168	3104	15416	49	90	-122
12:03:33.53	52	2992	15436	18	146	-150
12:03:33.57	248	3136	15612	-15	51	-103
12:03:33.57	200	3060	15704	27	150	-137
12:03:33.57	32	2992	15444	40	144	-106
12:03:33.60	260	3076	15352	-48	17	-77
12:03:33.60	264	3136	15620	-9	179	-88
12:03:33.60	64	3128	15360	80	56	-115
12:03:33.64	208	3276	15408	8	164	-116
12:03:33.64	228	3148	15672	1	56	-131
12:03:33.64	128	3204	15596	-8	129	-104
12:03:33.67	28	3136	15372	42	104	-119
12:03:33.67	80	3236	15600	4	149	-112
12:03:33.71	68	3360	15732	46	103	-93
12:03:33.71	96	3304	15312	13	156	-101
12:03:33.71	152	3396	15712	-31	28	-142
12:03:33.74	172	3420	15632	84	175	-101
12:03:33.74	-80	3496	15076	55	129	-97
12:03:33.78	200	3580	15544	-44	85	-102
12:03:33.78	16	3488	15440	76	134	-144
12:03:33.78	60	3720	15328	17	17	-120
12:03:33.81	352	3776	15312	45	115	-147
12:03:33.81	-52	3808	15440	-8	157	-112
12:03:33.81	260	3840	15088	119	48	-143
12:03:33.84	164	4220	15252	-28	54	-161
12:03:33.84	48	4068	15432	70	124	-133
12:03:33.88	-76	4168	15220	77	-62	-182
12:03:33.88	-160	4088	15680	-21	166	-217
12:03:33.88	72	3708	15228	67	-30	-180
12:03:33.91	-96	3688	15348	27	129	-231
12:03:33.91	52	3620	15560	-6	57	-164
12:03:33.91	152	3424	15652	-10	133	-206
12:03:33.94	164	3152	15528	5	117	-195
12:03:33.94	180	3016	15336	7	96	-167
12:03:33.98	380	2752	15620	-131	151	-191
12:03:33.98	252	2812	15496	54	180	-127
12:03:33.98	324	2848	15140	13	185	-109
12:03:34.02	40	2820	15528	-122	172	-131
12:03:34.02	372	2680	15392	75	61	-92
12:03:34.05	132	2872	15208	-51	223	-144
12:03:34.05	64	3128	15784	-39	93	-127
12:03:34.05	40	3196	15448	137	152	-140
12:03:34.08	-108	3232	15468	3	86	-178
12:03:34.08	44	3324	15736	-11	49	-184
12:03:34.12	184	3356	15684	24	110	-161
12:03:34.12	0	3504	15396	114	77	-163
12:03:34.12	40	3716	15504	-14	35	-172
12:03:34.15	164	3576	15676	50	98	-143
12:03:34.15	180	3580	15456	98	40	-219
12:03:34.18	-8	3688	15440	31	69	-176
12:03:34.18	224	3516	15416	0	89	-164
12:03:34.18	108	3476	15668	37	118	-144
12:03:34.22	76	3396	15208	18	71	-142
12:03:34.22	80	3296	15748	-49	141	-181
12:03:34.22	-16	3152	15304	63	93	-144
12:03:34.25	-88	3252	15156	31	184	-133
12:03:34.25	224	3312	15568	-109	92	-119
12:03:34.28	116	2912	15300	64	120	-180
12:03:34.28	124	3204	15284	-58	139	-136
12:03:34.28	164	3208	15452	-39	94	-137
12:03:34.32	96	2972	15328	48	121	-153
12:03:34.32	48	3308	15368	23	106	-127
12:03:34.35	144	3252	15376	-51	6	-175
12:03:34.35	272	3140	15644	38	93	-165
12:03:34.35	124	3244	15440	69	70	-187
12:03:34.38	24	3304	15480	-15	49	-188
12:03:34.38	316	3360	15712	37	70	-164
12:03:34.42	160	3408	15440	97	87	-155
12:03:34.42	112	3436	15572	-15	130	-140
12:03:34.42	192	3452	15656	21	62	-175
12:03:34.45	92	3312	15648	67	157	-141
12:03:34.45	156	3320	15408	-19	79	-180
12:03:34.48	308	3368	15692	-12	180	-146
12:03:34.48	104	3340	15548	87	125	-193
12:03:34.48	-36	3296	15456	-37	126	-124
12:03:34.52	136	3428	15512	-15	68	-146
12:03:34.52	64	3276	15328	72	53	-160
12:03:34.55	0	3332	15416	-32	146	-178
12:03:34.55	148	3340	15376	-47	58	-160
12:03:34.55	172	3224	15384	47	114	-144
12:03:34.58	16	3188	15256	14	133	-229
12:03:34.58	172	3336	15344	-52	17	-154
12:03:34.62	292	3144	15484	30	142	-151
12:03:34.62	108	3256	15220	66	71	-219
12:03:34.62	204	3332	15544	-65	83	-203
12:03:34.65	188	3272	15728	35	105	-149
12:03:34.65	112	3164	15464	90	84	-220
12:03:34.69	80	3232	15464	-8	99	-159
12:03:34.69	100	3364	15772	-24	152	-154
12:03:34.69	240	3200	15412	82	66	-158
12:03:34.72	-16	3380	15580	-17	190	-108
12:03:34.72	188	3340	15644	22	44	-165
12:03:34.72	268	3228	15584	81	146	-163
12:03:34.75	68	3292	15616	-33	130	-166
12:03:34.75	104	3376	15564	18	102	-172
12:03:34.78	216	3296	15220	31	95	-148
12:03:34.78	120	3304	15268	-17	113	-145
12:03:34.78	236	3360	15528	7	38	-160
12:03:34.82	140	3244	15296	16	181	-145
12:03:34.82	124	3160	15260	47	88	-187
12:03:34.85	4	3508	15460	-87	91	-184
12:03:34.85	252	3176	15308	143	61	-110
12:03:34.85	4	3304	15328	-51	79	-194
12:03:34.88	108	3384	15552	-37	52	-176
12:03:34.88	92	3288	15480	41	165	-135
12:03:34.92	128	3192	15372	1	79	-160
12:03:34.92	-80	3340	15420	26	141	-162
12:03:34.92	312	3488	15548	-46	66	-121
12:03:34.95	72	3224	15580	57	142	-100
12:03:34.95	-84	3364	15564	19	83	-180
12:03:34.98	144	3424	15660	-25	86	-157
12:03:34.98	44	3200	15508	50	80	-160
12:03:34.98	164	3276	15388	9	136	-180
12:03:34.98	144	3312	15520	15	73	-148
12:03:35.02	44	2868	15552	-27	135	-190
12:03:35.02	-68	3164	15352	86	56	-151
12:03:35.05	316	3284	15444	2	94	-196
12:03:35.05	320	3260	15560	-10	53	-150
12:03:35.05	80	3412	15704	75	225	-160
12:03:35.09	108	3420	15104	60	24	-183
12:03:35.09	52	3080	15272	-82	107	-225
12:03:35.12	40	3212	15880	-46	14	-157
12:03:35.12	36	3276	15440	124	113	-118
12:03:35.12	248	3428	15336	15	129	-137
12:03:35.16	80	3344	15508	-5	90	-163
12:03:35.16	-120	3200	15640	2	90	-165
12:03:35.19	40	3364	15304	32	74	-179
12:03:35.19	232	3308	15436	52	101	-179
12:03:35.19	60	3444	15692	-18	182	-119
12:03:35.23	56	3244	15596	17	54	-194
12:03:35.23	212	3276	15560	53	142	-180
12:03:35.23	20	3408	15220	14	96	-143
12:03:35.26	16	3404	15420	-11	58	-150
12:03:35.26	44	3312	15348	45	145	-140
12:03:35.26	80	3124	15484	23	120	-209
12:03:35.30	124	3280	15548	-26	79	-155
12:03:35.30	128	3188	15428	42	117	-170
12:03:35.33	68	3128	15460	33	118	-160
12:03:35.33	104	3304	15400	26	119	-158
12:03:35.33	104	3372	15616	-11	129	-140
12:03:35.37	188	3080	15336	55	29	-193
12:03:35.37	-20	3284	15428	-6	152	-173
12:03:35.37	248	3444	15584	-19	59	-184
12:03:35.40	136	3248	15500	48	151	-205
12:03:35.40	0	3328	15336	53	99	-146
12:03:35.43	72	3376	15548	-36	92	-130
12:03:35.43	136	3240	15340	61	125	-165
12:03:35.43	108	3472	15440	50	64	-172
12:03:35.47	260	3400	15396	-10	134	-178
12:03:35.47	120	3268	15452	-5	75	-152
12:03:35.51	192	3344	15428	29	124	-178
12:03:35.51	-32	3440	15256	18	137	-136
12:03:35.51	140	3300	15608	-13	55	-162
12:03:35.54	144	3088	15300	97	143	-152
12:03:35.54	148	2828	15928	-112	94	-87
12:03:35.57	532	3472	14656	283	164	-156
12:03:35.57	-116	3492	15356	-240	-12	-276
12:03:35.57	56	3184	15776	49	55	-170
12:03:35.61	-236	2972	15180	21	156	-164
12:03:35.61	384	3236	15344	37	36	-185
12:03:35.64	252	3248	15736	-66	224	-145
12:03:35.64	204	3356	15272	75	93	-142
12:03:35.64	100	3092	15332	-3	99	-185
12:03:35.64	-68	3320	15768	32	141	-223
12:03:35.68	40	3208	15016	153	-38	-104
12:03:35.68	244	3448	15488	-165	71	-147
12:03:35.72	92	3376	15528	112	195	-150
12:03:35.72	140	3168	15216	-25	-18	-135
12:03:35.72	-16	3540	16028	-83	203	-181
12:03:35.75	168	3272	15220	204	-66	-79
12:03:35.75	100	3212	15020	-36	191	-188
12:03:35.75	156	3520	15784	-88	59	-132
12:03:35.78	196	3344	15296	177	94	-163
12:03:35.78	20	3272	15400	-71	78	-179
12:03:35.82	292	3344	15512	8	46	-145
12:03:35.82	208	3120	15276	65	113	-157
12:03:35.82	-36	3436	15640	-42	189	-141
12:03:35.85	72	3452	15364	73	-11	-118
12:03:35.85	208	3180	15372	-3	144	-159
12:03:35.88	260	3256	15600	-15	71	-150
12:03:35.88	172	3148	15448	73	7	-184
12:03:35.88	180	3428	15648	-62	136	-182
12:03:35.92	156	2984	15528	56	102	-150
12:03:35.92	-16	3172	15444	-29	119	-152
12:03:35.95	160	3252	15652	1	118	-151
12:03:35.95	200	3100	15260	94	85	-177
12:03:35.95	28	3280	15272	-27	112	-147
12:03:35.99	212	3380	15400	-7	71	-149
12:03:35.99	236	4676	14980	297	314	-141
12:03:36.02	140	2400	13240	-110	-545	-586
12:03:36.02	-952	3452	20764	-610	447	-39
12:03:36.02	1516	2712	12000	908	633	220
12:03:36.06	-528	3268	15208	-547	-172	-631
12:03:36.06	-48	4108	17276	-39	278	57
12:03:36.06	436	2460	13916	196	-100	-184
12:03:36.10	-292	3056	15916	-187	-171	-215
12:03:36.10	512	3716	15896	194	400	-143
12:03:36.13	-68	3500	14968	90	139	-160
12:03:36.13	196	3080	15492	-139	-99	-201
12:03:36.13	112	3408	16048	1	205	-191
12:03:36.16	180	3344	15280	86	0	-129
12:03:36.16	340	3296	15692	-122	90	-220
12:03:36.16	-52	3244	15608	143	177	-134
12:03:36.20	264	3224	15060	-21	-103	-123
12:03:36.20	20	3180	15612	-25	269	-224
12:03:36.24	172	3316	15396	58	-126	-220
12:03:36.24	308	3300	15564	-115	230	-187
12:03:36.24	-124	3188	15472	108	143	-148
12:03:36.27	196	3304	15200	35	-21	-155
12:03:36.27	4	3056	15496	-45	125	-230
12:03:36.31	-112	3724	15632	27	40	-231
12:03:36.31	324	3124	15596	23	243	-108
12:03:36.31	72	2972	14956	47	159	-164
12:03:36.34	-68	3460	15948	-103	-21	-207
12:03:36.34	-36	3268	15540	156	114	-164
12:03:36.37	-16	3364	15244	-34	46	-190
12:03:36.37	252	3248	15488	-37	158	-174
12:03:36.37	16	3308	15388	-6	109	-166
12:03:36.41	176	3428	15708	-41	115	-151
12:03:36.41	136	3076	15288	106	23	-151
12:03:36.41	-44	3532	15288	35	149	-176
12:03:36.44	288	3532	15492	47	40	-133
12:03:36.44	36	3244	15572	-11	133	-143
12:03:36.48	4	3344	15616	34	49	-120
12:03:36.48	132	3460	15384	56	97	-169
12:03:36.48	236	3232	15516	-6	50	-98
12:03:36.51	108	3240	15352	52	98	-141
12:03:36.51	12	3212	15540	16	63	-150
12:03:36.51	144	3328	15532	-30	125	-145
12:03:36.55	56	3156	15476	35	71	-191
12:03:36.55	156	3284	15168	7	93	-173
12:03:36.58	328	3332	15396	-6	143	-208
12:03:36.58	116	3248	15704	3	169	-136
12:03:36.58	36	3512	15600	-12	118	-181
12:03:36.62	180	3452	15580	67	128	-177
12:03:36.62	40	3312	15344	8	59	-213
12:03:36.62	120	3452	15548	-24	140	-171
12:03:36.65	192	3340	15496	55	178	-175
12:03:36.65	60	3284	15392	-50	78	-153
12:03:36.68	40	3280	15628	15	158	-170
12:03:36.68	108	3256	15344	103	34	-208
12:03:36.68	192	3344	15432	-30	77	-121
12:03:36.72	-68	3352	15408	37	133	-154
12:03:36.72	244	3440	15424	1	45	-194
12:03:36.75	88	3388	15736	-4	127	-141
12:03:36.75	68	3276	15324	123	129	-194
12:03:36.75	-40	3276	15056	-25	28	-148
12:03:36.79	252	3256	15652	-54	133	-196
12:03:36.79	4	3196	15456	68	61	-188
12:03:36.82	120	3272	15332	-11	64	-168
12:03:36.82	-300	3340	15412	268	-189	-346
12:03:36.82	136	3444	15832	41	817	-155
12:03:36.85	-320	3556	14988	-763	36	-309
12:03:36.85	760	3204	15636	-280	670	-127
12:03:36.88	860	3532	15420	-27	-85	196
12:03:36.88	108	3412	15640	-472	949	58
12:03:36.88	-1104	3176	15504	-201	799	-197
12:03:36.92	-296	2580	15484	152	-525	-156
12:03:36.92	400	3380	16144	150	-308	-465
12:03:36.95	828	3804	14648	115	147	-252
12:03:36.95	516	3148	15728	-219	944	-14
12:03:36.95	-836	3044	15460	34	-128	-198
12:03:36.99	-388	3168	15476	71	133	-265
12:03:36.99	264	2952	15800	75	-415	-247
12:03:36.99	452	3580	15408	51	131	-224
12:03:37.02	480	3344	15544	-88	517	-56
12:03:37.02	-456	3108	15308	-51	389	-86
12:03:37.06	-348	2900	15472	31	-34	-186
12:03:37.06	44	3364	15400	115	-373	-254
12:03:37.06	420	3348	15392	69	77	-251
12:03:37.10	208	3384	15236	-47	297	-128
12:03:37.10	-248	3300	15480	-57	430	-61
12:03:37.10	-428	3052	15684	-13	-5	-133
12:03:37.13	-24	3304	15220	119	-311	-225
12:03:37.13	432	3336	15456	42	27	-192
12:03:37.17	312	3336	15532	-13	283	-147
12:03:37.17	-188	3316	15328	-42	346	-105
12:03:37.17	-408	3192	15556	23	6	-145
12:03:37.20	-8	3276	15540	92	-200	-164
12:03:37.20	436	3312	15460	48	-88	-189
12:03:37.24	380	3392	15380	-35	256	-137
12:03:37.24	48	3264	15436	-62	310	-108
12:03:37.24	-208	3208	15348	13	79	-130
12:03:37.27	72	3264	15364	33	-67	-164
12:03:37.27	316	3416	15504	18	-52	-169
12:03:37.27	364	3380	15572	26	164	-125
12:03:37.31	236	3396	15324	-119	199	-137
12:03:37.31	-16	3344	16188	-123	314	-182
12:03:37.34	-52	3104	15416	159	-390	-163
12:03:37.34	224	3368	15448	41	395	-192
12:03:37.34	420	3624	15508	16	-128	-100
12:03:37.37	-100	3384	15252	-19	428	-162
12:03:37.37	112	3028	15780	13	103	-114
12:03:37.41	-124	3788	15640	139	-57	-124
12:03:37.41	236	3168	15384	112	244	-164
12:03:37.41	100	3284	15588	-117	127	-107
12:03:37.44	-104	3476	15252	-34	161	-143
12:03:37.44	72	2980	15524	20	227	-189
12:03:37.48	-132	3160	15300	6	-82	-87
12:03:37.48	0	3440	15488	132	81	-188
12:03:37.48	352	3232	15688	4	93	-173
12:03:37.51	-108	3320	15184	-17	54	-161
12:03:37.51	-32	3244	15292	-16	364	-183
12:03:37.51	12	3124	15492	-3	134	-128
12:03:37.55	128	3320	15392	39	-108	-171
12:03:37.55	256	3384	15528	0	302	-146
12:03:37.58	52	3308	15720	58	-28	-183
12:03:37.58	-4	3276	15244	28	88	-159
12:03:37.58	-88	3260	15444	-41	204	-199
12:03:37.62	116	3304	15804	15	-16	-144
12:03:37.62	80	3336	15576	66	50	-164
12:03:37.62	180	3320	15672	31	205	-157
12:03:37.66	164	3456	15480	-22	91	-105
12:03:37.66	-40	3216	15624	5	284	-141
12:03:37.66	80	3316	15496	59	-44	-127
12:03:37.69	48	3288	15448	17	161	-196
12:03:37.69	204	3320	15540	3	97	-124
12:03:37.72	-92	3284	15144	12	55	-105
12:03:37.72	104	3304	15580	4	154	-151
12:03:37.72	160	3184	15452	17	42	-184
12:03:37.76	12	3164	15460	2	93	-190
12:03:37.76	60	3184	15352	38	45	-184
12:03:37.79	36	3316	15436	16	97	-154
12:03:37.79	4	3220	15600	30	82	-153
12:03:37.79	-92	3268	15332	-1	-24	-149
12:03:37.79	56	3348	15424	55	17	-167
12:03:37.83	264	3224	15476	11	140	-162
12:03:37.83	-60	3300	15532	-20	153	-155
12:03:37.86	-152	3468	15460	25	122	-120
12:03:37.86	-32	3284	15504	82	-1	-137
12:03:37.86	44	3176	15556	18	45	-195
12:03:37.90	216	3352	15544	38	52	-172
12:03:37.90	60	3312	15560	20	113	-153
12:03:37.93	52	3240	15512	27	72	-172
12:03:37.93	76	3224	15412	23	46	-149
12:03:37.93	124	3276	15616	-12	192	-166
12:03:37.97	168	3256	15596	13	130	-171
12:03:37.97	0	3240	15328	53	84	-172
12:03:37.97	152	3352	15628	2	64	-136
12:03:38.01	176	3088	15360	69	-33	-185
12:03:38.01	-56	3116	15544	-46	216	-148
12:03:38.01	124	3464	15676	6	-44	-143
12:03:38.04	180	3288	15368	101	84	-144
12:03:38.04	236	3376	15420	-33	226	-163
12:03:38.07	-68	3380	15396	-11	17	-153
12:03:38.07	136	3188	15492	38	176	-178
12:03:38.07	-72	3200	15544	-28	8	-123
12:03:38.11	-12	3436	15496	69	41	-160
12:03:38.11	192	3296	15584	-		
